sample_id,P,regime,next_pos
0040d067d5a7,132.45496020693952,none,1616.1500774551798
004cb511ce91,104.7178639041616,weak,1602.381046288666
004fd651e0b7,96.3533717337614,strong,1666.4092295267867
007784d1ba26,78.29576359269758,none,1672.8657326330974
00be9dcf8777,101.74859352736836,none,1650.8244104788569
00d9addcc5f2,96.20551786835313,weak,1681.0051560944794
00edc1ba1a1b,108.08150199031046,weak,1617.2947930612563
00f32c11cbd3,132.5188658235401,strong,1697.608233906171
0115885c4ab8,125.830614681728,weak,1627.9492563567408
0134b488e00d,117.73834320360211,strong,1660.2875480264654
0161d5437932,104.85601604004373,strong,1599.1143232476888
01abf6a0d9d8,136.83658177777826,weak,1646.1072621658016
01c162284de3,104.16662290081187,weak,1649.51040847507
01c87bfaca3a,91.42249222257864,none,1638.198267493484
02197f9795ea,116.58851163230806,none,1669.913751546252
0251adfb31e0,129.06107522267382,weak,1673.5719900645254
02a046403b9a,84.97212790593714,weak,1612.2804222082189
02a62ed138fe,105.33753368218716,weak,1683.4132755285273
02c29eab1d5f,76.53055342815094,weak,1630.465861599001
02c99aad2d03,100.23482084415224,weak,1695.2597452243465
02d65560f1b1,103.68936588269771,strong,1612.5056647011247
02e032ade596,111.2770650352232,none,1612.1716946260394
02f7d51751ec,116.71884383597958,none,1676.2037693461868
02fa52823ad7,94.2959065517898,strong,1604.8511308375175
032b52c9030e,77.2149769130187,none,1640.2690527562745
034cdf121d0e,117.30248382244486,none,1637.6950936785247
035052de62d4,118.383036277461,strong,1669.2557802320143
03533c11af77,80.91671238663737,weak,1602.878431496639
035dbc234caa,81.03369358665813,weak,1647.6291203667422
035f19c702c6,97.05722049901344,strong,1612.6322387241737
037d14ad25ed,81.28576610556347,none,1602.3685986463774
0384df647927,89.38054077532065,weak,1640.781508808988
039754f97c60,105.57301902357432,weak,1635.079024992751
03aca8b7b5bd,83.9715420002756,strong,1618.8561369337242
03c8483aeb60,94.5292872050949,strong,1673.5234520244785
03df3ffd3c03,79.41845214960347,strong,1617.4973588499313
043d7c70b8d5,113.65451658173812,none,1691.4052575178916
046a8f21e0fa,115.092823475889,strong,1600.649184591964
047505df8d18,122.74694385783567,strong,1687.1928635509591
0482d121612a,87.85439085743423,strong,1643.8817966531824
04b523620436,128.3769656044466,weak,1636.1963652650538
04c6aeca3cea,108.76544408924406,weak,1623.2189846660278
04ca8ae4941e,132.76545493604164,none,1721.1729979056431
04cf31bafa54,82.2342924280163,strong,1684.1064564375802
04cfbe91a3f3,100.44977337261793,strong,1611.989315028761
04dec69c66d7,115.3174066300106,weak,1702.7631925295025
04f7cafa04b0,113.06395494975456,strong,1707.7377567536878
04f822021b7d,125.82974397490516,weak,1600.5539069504546
05109951fb2a,87.5121498481481,none,1663.3646815651866
0558f35af9a5,104.35874292121828,strong,1673.7704566272264
057ef1c388b8,136.42461064499955,weak,1627.7698576929963
05ab64653e78,130.47703947629583,none,1694.960755332378
05ba180411d6,93.46260579686697,weak,1677.8301381309257
05bdf8e03400,126.04062617541628,none,1637.753666414617
05c74ad41bb0,110.42148100647036,none,1616.5236833790964
05db63a5880c,126.81654366772398,strong,1609.8019752553662
05faa230858f,81.90320434838617,weak,1666.3606218716916
064a63481b87,96.46368481446716,strong,1637.6467213809365
0651946a6b2b,125.19338406116262,none,1715.2822987317645
065514517c25,118.01411388890487,none,1674.5149898257152
0685a1522e16,134.17515423203403,strong,1655.966628364248
06d776327f72,107.75338942570872,strong,1603.4979629170566
06d8bc9060ab,113.69065109140234,strong,1709.5947038708612
06f018aaf44e,75.92762732949969,none,1635.3626880982213
076bdf262160,121.0018504432359,none,1629.188841166182
0770bdb30d1e,89.11766501000196,none,1654.652377444273
07b001ed99a3,79.24547182476104,none,1644.1769618526212
07ca4a1c59d6,81.17118656874553,strong,1647.3189679253542
07cceef0ed75,104.36762048495297,weak,1702.487191956851
0809043e33f4,131.0153527883697,strong,1605.1677332272045
080c71a6492e,134.9872318703106,strong,1637.8303399206393
0836c3427fcb,97.98477166732822,none,1612.150100265745
086f8c810a3a,96.80655600839388,strong,1643.728738084263
087862f312b1,123.19446634254616,strong,1654.9995467747417
087ecd2f836a,84.9647718928901,strong,1654.0029420113226
0883d246fded,125.02514446498148,weak,1624.7538987451414
088c3441393b,98.88070373508272,weak,1682.136244667094
088c39a1c7af,122.86201430185248,weak,1644.539331202339
08b57bd5a47e,109.64534100350016,strong,1638.276458858732
08d1087d9826,135.85792169309732,strong,1691.712080856542
08d8cdefdf45,134.3348407364508,strong,1603.7402416061748
0903f97afbf2,81.69523309765634,weak,1599.611009748182
0920880b2284,88.43601198281979,weak,1631.5065336192577
094e335e5b16,105.12191262474448,weak,1601.705134476499
098c30e0b1d0,122.71379505095682,strong,1684.7210813654128
0991f5ffa45c,127.43470103373768,weak,1632.4906101282515
0994051aa34f,114.3681843121354,strong,1624.3479751319203
0a1f770efc05,117.58217992016804,weak,1654.9989882595285
0a248f053c8d,83.33242670920951,weak,1640.990666258503
0a315523dc38,88.08714986536698,none,1670.9661926861893
0a843abbada3,83.11891484154827,none,1658.304387498316
0a8ec7043c08,125.87604485062704,strong,1702.6032662747734
0aa26d1a9c38,128.1626155609098,none,1724.548038927621
0aa9d50ebf76,121.91238466920674,strong,1694.590905395133
0ab47eb9ceb2,83.173198639721,none,1663.9372100683656
0ae2560a98fe,116.69404082830444,weak,1645.9605835495522
0b2bf1edaa02,108.44031195019102,none,1656.0197600605195
0b2d350e6c62,109.84780275465918,none,1669.5129028369763
0b65f1f32b6f,120.7399196251826,strong,1605.195064118907
0b907922877b,99.9700496954247,weak,1632.8587988132278
0b98e5e54d19,92.49156929594972,strong,1638.9404997904032
0bb30df737af,87.76965941530945,weak,1609.326791226854
0c2e62a57277,116.5757818202933,weak,1632.4164087465572
0c2f9cbf5dd1,108.88493759893184,weak,1696.6809275437122
0c73e769dcc7,107.09916702942031,none,1616.1631436798427
0c8be2ed40ca,107.3070413646582,weak,1657.6122279399217
0cc2359a68c6,124.66979576730104,strong,1729.7569976492052
0cc49a48db00,101.3554210597068,strong,1605.2793996181754
0cff89c48f20,112.57556053352587,strong,1620.535194333102
0d7f9f8d222c,84.2587547521993,strong,1627.048001393692
0d80d81ed80d,136.04347494347735,none,1654.683072991489
0d856aecc0ee,82.23861841457258,strong,1630.6666423051793
0dab3695ea1d,75.34224479676236,none,1651.6383041931565
0dc1806b0a1d,121.0493670876959,none,1699.1484375733212
0de2d766922c,118.52770855522304,none,1667.2144134963137
0de5e38da8c2,120.28725359161784,weak,1700.1944057077346
0e180dbc5e39,77.02879691637085,strong,1664.4307458019057
0e5a65a9d38a,107.62956576731338,strong,1665.158335639826
0e5cf239db73,125.58046150767709,weak,1683.0796844654726
0e66e99b76ea,95.99736250678345,none,1673.254234988101
0e7ea6b11e6b,104.13289965171316,none,1682.3872709369705
0e7f6a26a645,76.20547343313581,weak,1640.2223166709089
0e812e4ad034,115.0820975364029,weak,1665.1240773046593
0eaeb888bacb,90.16455072604272,weak,1600.3372292595964
0ecd2f8e7033,78.85135675245773,none,1620.083838092974
0ed47d0d1021,119.29688005195678,weak,1603.7511964385685
0edc05efca65,135.85532859661024,strong,1649.1491470691924
0ee527166a14,86.95281077312993,none,1630.5892160070157
0ee8ffdd1e77,76.21308686727836,none,1641.796247225364
0efc22256c20,100.42974789874714,strong,1648.042329606822
0f079d0d579d,122.66648367140078,weak,1649.0017220599648
0f38813c73c4,94.203997623266,strong,1659.788824122803
0f4361e85f10,75.98359148794543,none,1670.669284655581
0f477547f7f0,79.82047135813146,none,1657.6337040476556
0f4c2b51a433,76.10604305575023,weak,1666.4540400579262
0f7275fcbbf0,95.67752289941204,strong,1624.9270382428963
0f7f43967ab4,99.1824023007254,strong,1688.033187072932
0f9034c34f17,87.26072426022212,weak,1642.2286226782037
0f983d6bc4f4,91.6294804076188,none,1689.359492251018
0fe94ff82cb0,125.88360795255664,weak,1679.688524386114
10115ace9df5,83.90057366466662,none,1604.590179758504
1049fd4f4a70,90.81745922841024,strong,1630.841415358098
10803a7e2efb,107.29677330057778,none,1654.9439142600222
1095f06d8354,133.27050274022554,weak,1680.2645251406066
10a137023c6b,85.2132465334512,weak,1635.8679526380656
10bb7446c0b8,119.0197651712202,weak,1616.2964608179875
10dbc8cea461,86.25060010239417,none,1622.2835037426196
11342ce32c20,126.50863937442584,none,1684.1910571073856
115e0e380946,128.55255678513092,none,1613.9400242393967
117fd7b6aad8,80.35440732957699,strong,1639.587028406822
11bc799a7823,91.32484210389376,strong,1644.3118781263208
11d9c4128ebf,104.78125933525418,none,1599.5944177324754
11e9efd11c20,96.50119895713584,strong,1663.3373021975208
11fabc7ada42,82.33275570172835,strong,1601.0425783407477
120fb229b689,103.68176845835926,strong,1622.6974918846868
1261a6b13399,88.94054604932457,strong,1668.351490016077
1262d6271d09,89.02954839971687,weak,1679.4122293355497
127dc0193899,97.46570349226208,strong,1640.1629301450826
12912c33fa29,75.8982299506276,strong,1637.9332981670298
1291f0092b7c,124.95058157191968,strong,1646.4372634696736
12bec4e960af,76.62982805320456,strong,1623.2543431620784
130d00ee6967,90.49367204133635,strong,1674.382063053719
1327be49acde,110.78059422968576,none,1608.244288903433
132c1f453bc9,75.53218381237252,weak,1644.34383199367
1330b286536e,92.94552975944494,weak,1673.135132694627
133be665e13c,88.07307897929199,weak,1644.392214558554
1349d3b4fdc7,130.0647660137815,none,1669.540029951443
134bff46f7e9,97.91563735308937,strong,1669.566477533127
1356261a4494,118.39699817830872,strong,1610.9464293247538
135db3b0e5f0,118.96452062967992,none,1675.8470623288572
13954072408a,106.26282412906772,weak,1670.9073890500338
13adf64470c8,125.23212954978148,strong,1599.3932879242552
13c76c7b854c,78.33603757532056,strong,1665.5935499017285
13ef4e62cade,100.79908670873766,weak,1681.3657856731857
13f4843b2a6b,92.8611117481546,strong,1615.4599200745818
14086e508b6a,81.85385704701987,strong,1619.450470717385
14167abf92a8,126.96990314022928,none,1616.814494414768
144125c0a05f,108.01152193590072,none,1642.1191114292672
14453c74afdd,80.48590327444545,none,1600.2253149976482
145bbc004156,93.5041759386347,weak,1612.8909436851354
149db5925995,113.50846525767636,weak,1694.2783560714058
14ab33144c34,135.81726420071467,strong,1702.5389878558644
14bf1bc080e9,128.8837305215132,none,1678.8011172698118
14dd7a70a70d,90.65206707669026,weak,1605.6094700355477
14e075ca1f85,113.97057659653277,strong,1642.0096446849493
152c90a6a264,101.1497261134639,strong,1649.536847307898
152d99f5b2ca,83.29534913795368,weak,1628.6044992239288
154622c63c4e,117.3975502821118,strong,1700.2208608458782
15505803898d,124.86454332280393,weak,1696.0264756130289
157a350e3110,139.85427597882034,strong,1688.7363527881198
1580b61140b0,131.77577064100396,strong,1651.5484294939315
15a0f049db76,99.01986018914344,none,1628.6169445219136
1608a1844dfd,136.49156207363183,strong,1655.5640766022357
161f23514e2a,79.93266158263734,none,1642.151031070037
1626d11d186f,92.01165958869969,weak,1664.2394213089322
162e15d9863f,89.63846734938848,none,1604.4681200283555
16641c7cf7c8,93.25712620110198,none,1609.957904901273
1682d5afe8de,129.13163015013438,none,1624.5677994061152
16889426c722,86.7489379394612,weak,1599.5100180390316
168a119c719c,133.34547240562105,weak,1611.7915043796957
1690187bea3b,135.20088348812976,strong,1718.7198323277253
169ef676b25a,89.14078094108267,strong,1697.2106450904694
16a6d53c51a6,119.6113622498586,none,1706.9737028891211
16b81107e61b,137.56659770217104,weak,1671.2316685554188
16f3f76a3425,96.00604912829364,weak,1622.8077271015663
16faca08fda7,137.12572587744486,strong,1664.7776023521146
16fc8dac5c8c,114.6988010648792,none,1684.4162646307618
16ff9acb7d2c,127.58110211560567,weak,1611.8505524259829
170c1e893f82,114.08480396315676,none,1671.8637358592337
17143cb8abd7,110.7766003702124,strong,1646.284957499788
1719a3fde2b3,82.87614354510376,strong,1613.956551921738
173192324335,125.27885886475848,strong,1609.5873110219975
1749c953f1e6,91.01216821042432,weak,1660.603656428012
17544ac79f55,120.25778087302432,strong,1658.0620110894693
175ef3016d2f,111.60551944381528,strong,1696.5182920147197
1778bfca25b0,136.28631946925478,weak,1728.7535883985613
17796b2f0356,131.84519167546904,strong,1690.9111269593675
17799badf21e,129.42475487227415,strong,1687.6653663243872
177fc705e04c,108.0132028667868,weak,1634.6996834508811
17b4046d363c,116.33514127633198,none,1691.4674749393594
18253f826d7b,133.82662424727016,weak,1629.8680123697052
182fa74a05ac,89.92383185436205,weak,1633.5653413637388
1832457a3bc5,105.25035818511336,none,1659.3375279837453
18784b038bc5,100.11753575400022,weak,1633.4457367814937
1884fdb21516,105.2118059433205,none,1683.178446425183
189bbfcbfb39,75.88304381184028,strong,1624.7381944809686
189ff4b0eb0c,95.8057451931044,weak,1612.8108527267443
18e143f008ba,115.543918683668,none,1653.6603343300865
18ef57caa1ab,104.2023426283559,weak,1667.990429098396
18feaec85442,94.06198530031004,weak,1620.3541641274428
19175d101255,125.47077906424104,none,1668.9287209400484
192ddd65a2af,139.3198935621704,weak,1706.7113457245523
192eb028c464,94.1791053307753,weak,1633.9601422018943
196167d9787c,87.48237893744658,strong,1653.5391395345196
19632d9166b8,96.63307956329264,weak,1671.304638574924
196a701e366c,87.87137031436471,none,1602.7051741609507
198ec3d27603,87.63207502415845,none,1608.2081218721096
1a04e4a3db2d,95.03258849275544,weak,1600.2602718813507
1a673f36c26e,121.02309729586756,weak,1717.5687222636718
1a77ba32b97f,103.30020971786934,none,1640.8229873438047
1add098ec5de,93.89029319560429,weak,1627.031393699911
1ae3cf8d4456,95.34273557010016,none,1622.5322371688237
1b144ff312b0,119.09635967724732,none,1677.9749584496203
1b1c52643ef5,120.1124911065826,weak,1643.3475480561133
1b659c8970fc,130.78010913235534,weak,1681.1216518669537
1b7ab1a334a0,83.39396619583111,none,1681.63569397547
1b9655f4ee8d,76.96877420555413,none,1630.6439256983826
1bb6e575ada6,121.79379787478986,strong,1611.7432636951555
1bd27d99ee29,115.85468339869486,none,1701.791610175609
1bd78930abef,109.21689118009188,weak,1634.421546349629
1bd8c47a2452,134.74724450556832,weak,1704.7641918372888
1bf7b4a2a5dc,138.18693032077488,weak,1617.5591971465271
1bfa4b804cad,138.03210381914982,none,1676.6101392521878
1c07762d7d83,85.50278421259894,strong,1679.4254061003485
1c44f39b674e,129.4890604012631,weak,1631.8342215374466
1c674deb656c,137.44574851227378,weak,1688.6774658595234
1c6fab18a605,94.0477508024711,strong,1650.367834755685
1c7d3d5fc927,120.9278226038078,none,1637.9113278538437
1ccae6f6f18c,124.761155999709,weak,1670.8274193422435
1ce17a1a0187,124.89265746352544,strong,1720.577621918671
1cfd45534daa,88.83903267339704,none,1679.873028857594
1cffc8d3a78d,110.98187576023032,weak,1676.806035513112
1d1b720b5edc,117.75444745250344,none,1654.9045919315072
1d1c99086a40,115.26248686714489,strong,1603.0257652626556
1dba32b5c74b,95.92030739460024,weak,1678.6508391475204
1dd85266ecbe,138.9382790740322,weak,1710.0021790786402
1df0d66c0bb4,139.81979062436787,none,1603.3085871054757
1dfd5c68778e,88.31748994161325,none,1641.3541916525655
1e61b3d6b089,80.60897495975446,weak,1607.0067853841804
1ecf2af1a429,121.539262649466,weak,1617.2446021269143
1ee46b05ef52,83.11032964558117,strong,1647.1358470501416
1ee7ba1557dc,114.45486792063178,strong,1624.6490666506468
1ef5a8bd86d1,75.80680593455551,weak,1671.367468859451
1efb2c5397e4,132.73710709655882,weak,1662.91008403747
1f03cda54493,92.62190490479904,none,1669.850643890078
1f826eba335c,116.5816158512642,none,1599.312289177018
1f8d61454e48,114.63913024948992,strong,1666.3765045656055
1f9b79d68a42,101.44409049797376,strong,1688.8831865321297
1fa03c8bf9af,106.47577996120552,none,1676.1005397469046
1fbe7633036f,81.42805734882941,strong,1663.416352315391
1fc1046aa3a1,87.15837554893609,weak,1613.8558587537875
1fdffcd736bc,115.83487838497943,strong,1637.316564128799
200557d9748e,130.72090587809188,strong,1716.9462872560614
2056349e01f3,124.38037114372804,weak,1661.206130665741
205c822c39b3,98.58442872569358,weak,1668.8980053836906
2076dd8e5cf8,90.51477644348893,strong,1669.8141287599317
207c20273e06,79.83151071414584,strong,1613.6269145032472
2086ed074eac,103.89108362706236,none,1634.2307324407266
2087097e7e1f,108.3370205957447,none,1657.602690320615
20a50321ce41,102.94950603474912,weak,1643.182623490716
20cda467723a,103.83131022171384,weak,1663.3345256437196
20de098d3cfc,91.4806292734911,none,1604.466087122075
20df22306406,114.75171903461391,weak,1654.1782837743935
210b71ba29f7,85.65920775458561,strong,1635.619315715561
2156b62fe327,116.67063034970106,weak,1704.8321650511205
215b88f677eb,96.60726190770076,none,1634.8875097350865
2189910e7a67,126.27934755715104,strong,1672.6480495978944
21c7df0c5ef4,82.04624731202752,weak,1611.2071441718078
21cb8164e7aa,104.4332767986665,none,1638.916377235503
21feb1c6876b,91.8851567074028,weak,1618.229369891254
22076b4b7a34,80.8775451989752,strong,1626.8693829539284
220b35a1a826,100.8202962903133,strong,1604.0997830665408
223241d3c541,115.89970654191568,none,1673.9691012249684
22778e331770,123.64481484962852,strong,1725.2329664520637
227a4cf1284d,135.9344038462075,weak,1660.455507221136
228384da915c,87.71220944762055,none,1661.1838549629024
2286a687f14b,121.72456613791528,weak,1650.2320167360142
229f419f4e66,129.15953146519726,strong,1650.3631643700423
22d7b71891a6,83.9356050851252,weak,1617.387523446891
22e780c57499,92.74400548203336,none,1617.498811760108
230d326a929f,105.4613386972813,weak,1645.3209069633044
232adc37a8ea,135.2926547714928,strong,1601.239591743324
233d4b27bc21,78.2282440477043,weak,1645.8831680790138
233dc5ab590f,94.5931035637288,strong,1652.4625357765185
233fd5984ee0,118.83178199562246,weak,1671.5350770429245
235c9a95ee44,116.71845659423278,strong,1644.6041799085942
2362d629edb4,91.90486255510385,strong,1672.451255010149
236509067750,139.21165282002468,none,1683.921489311668
238b0d3d40c4,105.99577920296836,strong,1656.2084652117917
23b9f75e5e2d,115.24578032543114,none,1653.442222246931
23d1b7399b6b,117.77169530476218,none,1607.8426093693952
23d35874d4b3,132.31213575138892,weak,1695.5293288520988
2411749de913,104.974687386804,weak,1657.563878959427
2417a6a63c1a,114.51097986735162,none,1610.3777245129872
24204f71ecea,118.44092758445076,none,1617.9415373157767
24226e22e21d,79.39422914281394,none,1613.496038438628
244849dd2d51,100.6762489884184,none,1641.7005111415656
245d568178ae,102.75192009974776,weak,1612.7950206729708
247d1d35f3f0,109.93727386326096,weak,1708.0588349275024
25115a45612d,126.0361364702992,weak,1640.845629505098
251a85854226,98.99741792795776,strong,1631.6699379220724
25274b04b883,135.05088142441778,none,1662.6562162903513
253f26bd5f08,139.96301015359572,weak,1734.2937426267251
25705e49381d,109.97257649064422,weak,1677.379997631607
25794c493e42,127.11678073345502,none,1648.703616222533
25ca1cfc443b,109.2939017723262,weak,1631.5229465747916
25cf891d3c9b,86.82086373891396,strong,1678.0870659639138
25e9695b39f2,117.70366981127744,weak,1620.9868404338577
2621393e94f3,82.41246082301619,weak,1670.7132864092848
262dde8a7952,117.0838492262758,weak,1703.3289834845252
264f76cd62c4,134.77947949238978,strong,1730.5575941204331
265744d40bc9,125.31609368668832,strong,1665.906953431005
266b0b89e187,102.48998933859777,none,1700.649321889413
267e4a233d0a,132.4774342669394,strong,1632.8879294721858
267ea1d1c42b,116.28970195348136,none,1653.2981801289195
268b3bbf1db3,90.89538880913082,weak,1631.5700474070654
26ab8881ad02,129.62680477000345,strong,1663.9510293060864
26b7ef21924c,82.43866612525773,strong,1632.338781218143
26cf85efde90,117.73159466705047,weak,1647.071898585867
26e21ae70fbe,133.92095045701828,strong,1719.7986122062289
26e612e489e0,93.09716336217282,none,1640.4054221258402
26e92f743b9e,94.84945304809602,weak,1675.587004094997
2729881e357b,94.30299303758396,weak,1647.8369125425456
27373157a05d,106.19826370041368,strong,1652.608297335726
273a852ec631,84.65033262278466,weak,1664.9720909094692
273ecce55ff2,81.02285025549111,none,1674.455537226448
279324f158a8,89.71752637531436,none,1613.673121987469
27e85a310896,134.15919393222515,weak,1647.6922377442654
27ea1a27e4e0,106.86790818476412,weak,1663.5795702912292
2822ce881a0b,109.1038580372417,none,1631.35263444238
2836e72ad2c5,120.19263272095549,weak,1621.1078958034927
2863c9268eca,75.86196764259624,weak,1603.1783882215457
2870b53c1765,100.53143041924464,weak,1617.0036369918362
288fc172c7c1,130.79344629093208,weak,1659.847977749156
289cc6fdd15f,82.19673993065796,weak,1610.8682787171156
289dcb6a51c2,108.37710618632693,strong,1617.661401398415
29045f09e41d,128.76157841631206,weak,1668.843146191952
2923516d4e84,98.34552526172212,weak,1611.0382233824926
295c831e4f56,77.20421815402956,none,1640.754336582719
296433236098,100.00996643794043,strong,1617.034883987806
29841cad263f,77.89191319342245,strong,1649.4798953190184
298488074063,110.2199619903839,none,1680.6521354459032
298b25f8d4d9,78.30213703713315,strong,1627.810040510632
298d69487415,136.6173588506363,weak,1646.463252463767
29b9d6d734da,101.98074818348826,none,1652.2387749251975
29bc2fb4d450,118.72945841043452,weak,1683.4826369430505
29c0824a199c,130.03792262664467,strong,1706.269556605463
29d2e204a2ce,121.2110180218756,weak,1627.727466311169
29fcab628e76,117.8528754295891,none,1687.7866383268888
29fe3edf28a9,83.95805003274552,none,1630.5415128721936
29fea6744fdb,104.79370944005392,weak,1644.638773961738
2a032a34045a,138.84766855464926,strong,1727.085878999797
2a0a69b9814c,125.02181969177865,weak,1663.144995134338
2a1aea3fe716,108.4176470289684,none,1677.2787117914852
2a1dcca1fa6c,134.59317867479882,weak,1638.0396218263863
2a3be32071c6,104.30627208952946,strong,1635.0141032563374
2a40a8f51028,86.03037769951563,strong,1661.68913540027
2a4f9a618855,131.4754209455852,none,1709.6683770571208
2a7e8be32c6f,124.9922143621316,none,1705.5105342299614
2a9362f84057,83.75692239380322,strong,1615.704510931506
2aa2fb8004eb,128.0619767482399,none,1699.699404381137
2ac993700b41,105.3303750307639,none,1703.6539428918545
2b06631c2fab,133.34986124012303,none,1608.8724302081944
2b0d5573b191,128.64602101950263,none,1693.9441288728294
2b19ee93dc98,88.02763711181274,weak,1616.3573745467029
2b22cce1cb6b,80.45599966495456,strong,1666.4767711911068
2b5e30691cc3,104.454770896961,none,1635.270492734164
2b7f7e6e7a56,117.0588071686412,weak,1704.4829499773346
2b8eba13d6b9,124.57238557788192,strong,1646.320988352148
2b9f635867b6,77.97895549612099,strong,1606.9988222583306
2bc591427f23,125.7234081019096,strong,1613.9755836605357
2bc8f65da32a,135.26417216968667,strong,1618.6666127857818
2bd99a5c6794,75.24294713902823,strong,1622.2740197141695
2bdb26ba0e0c,78.0197654087019,strong,1636.4736616731698
2c5cbe203625,79.87237494757755,strong,1673.5243283134128
2c5ec5c084b7,76.59248305146224,weak,1671.0725337286128
2c697285c808,136.6701819976995,none,1654.5624307312582
2c79680b1780,81.48472372787964,strong,1655.8118262814714
2cec4df0c148,104.06615639090413,strong,1604.4589358646042
2cf45e4eb5ea,79.34333781449772,strong,1671.36035146136
2d162c138750,108.00519535952274,none,1676.9469373617735
2d24eb6863ba,129.401198765169,weak,1655.050016378559
2d9ec6e48740,85.75085489123072,none,1617.3806716065096
2db075d27c59,78.54204325759963,none,1619.125102427072
2dddabdc21bb,101.59747897392889,strong,1700.4906806439617
2de7fbf8da3f,128.22958164673085,none,1717.4647207273758
2deff4bc5eed,99.79604264662592,none,1616.1108242617613
2df118416a55,118.73128201605417,strong,1642.6891677949336
2e00853027bc,83.85311668091201,strong,1631.5442338695464
2e092d013ce9,115.91446284040632,strong,1667.9258777997318
2e1e2158e393,84.47605356948645,weak,1680.3175689449818
2e3097fa075b,132.3019253460474,strong,1725.636135322495
2e30985c4207,87.81854783495278,strong,1663.1475121210178
2e4b44ccf2d5,96.11088716959136,weak,1685.7431472891135
2e6382c91422,134.95621970126837,weak,1719.618952299016
2e66513c5238,95.93509308882416,weak,1606.1107375380486
2e92708aef7d,79.28508483912755,weak,1613.7419334194788
2eab86ee780d,138.51871970373506,weak,1615.7350479726483
2eb269bd18db,90.05123062780851,weak,1638.75280703817
2efecfb56e74,134.52912871795854,strong,1654.506434447695
2f0b49525c92,110.48278347772948,none,1679.033117310447
2f2348cf2899,79.80047579321224,weak,1616.0134829149983
2f3fb945f631,99.6961962049446,strong,1685.3104008922437
2f4d8f14dc74,123.12786295266814,none,1610.066813629738
2f75d8ab6fbf,102.39856082821052,weak,1690.166476830102
2f9e139268bd,107.44007390197078,weak,1632.1964114764214
2fa372522022,95.18706280845768,none,1599.7348270616817
2fafd8ac2df1,80.5092631576912,none,1603.137286616042
2fc09c32db00,128.04037375861515,strong,1643.7718999617846
2fc359922ead,122.43410310567488,weak,1695.6703606371605
3022fe312a0f,139.35723741222307,strong,1728.4754745050502
3027d593fb95,120.65845252883491,strong,1690.658066232895
30a3d480eabf,128.76951568074986,weak,1644.501003211291
30c38aeb3707,93.84062779022278,weak,1603.4465858453746
310638a5337b,98.40073292216884,strong,1623.8427707322664
31150c9f34ba,107.43636647237756,weak,1632.062804415371
316894292b09,94.91668764844592,none,1686.940706540282
3186e9e562db,120.82161614321336,strong,1605.2818501275024
3194e7b940f1,90.19524033592758,none,1661.9663048780649
319bae019cec,128.62984188643384,strong,1631.0323194390437
31baaec712a0,98.96663737638012,weak,1684.2177027327743
325bb61c6e74,108.09507100575011,strong,1636.0383811309769
3269ba6b0c87,124.60676184109629,none,1678.9114154326735
328ee1c96e15,82.41931848295482,weak,1608.3645789558686
329e811fe815,127.69251374381784,strong,1684.4049236616806
32d33251ba4f,104.8213969636878,none,1698.3172339767566
3317e5d674df,94.85692225491088,none,1675.882133121631
331d008b47f5,87.97107295788174,none,1614.5944564619813
331f5e2c282e,108.24062772638904,strong,1622.48631968721
334365eeef17,76.96212569656272,strong,1644.0579395528562
335c7b94e564,84.51067322190744,strong,1607.7353211813177
335dc6d50fbd,135.31386950839408,none,1682.9934589725456
339004c71cad,114.32865649894032,none,1633.0370146744938
33aaa215c69c,84.1221662617812,weak,1662.651461990837
33b6a46b8eca,136.45954692636357,weak,1600.3206455731104
33be757ef72a,114.606726737019,none,1675.406808412797
342888649f6b,113.5030605521,weak,1604.2883011381216
342ee424a525,133.62512179655215,strong,1700.4540557710206
344cbbc400fc,119.98208785731954,none,1611.9038234081518
344df0905c77,106.10210366439716,strong,1604.7579947366216
3456d9858e57,113.3035155978667,none,1635.2063510240628
347335e3775d,91.39294203203524,strong,1664.792158189529
34a9bdcaaff9,112.37318464407156,strong,1677.4708682125824
34d8251ff46f,118.66473556973352,none,1677.5446372325048
34e1c5bb7431,130.56694776302535,weak,1686.9010716985772
355fefa203a4,103.1769369761908,none,1638.4407118335887
357d0a9407b8,102.48326213350224,strong,1640.7966005654057
35ed4dbf941b,99.6393959753062,none,1609.623756540832
35ff66c179d1,83.89433076729078,weak,1620.7215750980308
3626912e008b,89.78984714715683,weak,1655.2078587133335
364551e5bff7,79.466497887921,none,1618.612319399788
3658e207d74f,87.68641005790457,weak,1672.3608241420814
3661a0bf4a31,126.73548392656474,none,1672.5295171784846
366a798804ef,124.24989319369529,none,1666.68869366563
36b9431faffc,105.49516150725393,strong,1628.116092265932
36c04d0fd64c,138.1514460500027,none,1685.9639546519534
37177f091742,116.17355440128378,weak,1689.8074585627594
3724fd44fe55,116.01973929040211,none,1696.6259484759737
3735630ff4d9,94.21957266015986,strong,1636.1467363504737
375305703a20,99.72796014742626,none,1633.1455668364842
376e07fc2617,120.23788909523746,strong,1642.081285631651
377b0b8f9c10,96.52310059703044,weak,1612.3285583003544
377e1dca2bba,123.2272369454766,strong,1618.7190472280674
3790a7b31f4d,103.83206510267031,weak,1690.9415146127224
37aea89e3a23,114.28970642356842,strong,1703.9589074262497
37b9f6f3ffdc,124.42426423936185,none,1629.5104804453413
37ccbd3562ee,131.50270351578953,strong,1636.0095331723155
37ecb1877383,103.92995988237205,none,1620.959261290178
37ef40186fb7,101.50930066270126,weak,1629.4294655905742
3820e5555ea8,87.87936367061702,none,1633.6120501830876
38518ed6d292,118.97062799990856,none,1694.5620248056418
38616278c345,133.99023611189074,strong,1660.1519977118155
3879bde72548,101.72104414879723,none,1677.8318113774387
387ec364aa45,105.04993911508576,weak,1695.0560985300804
38b8be681b99,103.13225557399332,none,1669.017333285607
3906d18a563a,100.34867268882506,strong,1631.272398310724
39112af5646b,115.49877700527396,strong,1610.3664483423042
391b554052f9,81.91730975560152,none,1625.8593180464588
391e0025dfbc,86.28927724014433,none,1612.1191653597132
3920579c3881,108.27938912913132,weak,1694.0896529928928
3922797246a7,85.77942422496298,none,1629.885454902248
393f06c66354,98.11470169259668,strong,1639.3138750688447
39513d4b9fc5,87.64577062117823,strong,1620.8602198639994
397befb062b7,83.2266187886795,weak,1674.9400966119922
399c2e33f79b,91.66030490540948,none,1652.296339871086
39cae9748ca8,90.00768981135684,weak,1660.3670550585791
39fc5b0aef66,105.97490646735083,none,1621.4640825156491
3a2ee8742873,102.36832418104966,none,1624.1700416502667
3a4188e5d758,103.46226768524753,none,1645.9469638730925
3a6c7f1046df,96.8006147567927,weak,1633.289187498494
3a784852c3e4,91.0884699317765,none,1612.426335812526
3b09a35fc19f,96.53129329751978,weak,1613.4066629502704
3b2953be850b,90.37578746639142,none,1660.861127898045
3b2a7feb2780,89.95723436322469,strong,1680.9359734899615
3b9f24c9860e,139.3920985909004,strong,1653.7402854373308
3ba057185cbb,136.78658296895708,none,1733.2330646210894
3be4a3425615,83.86006711317198,none,1636.6770594486484
3c10bb0d1051,97.4501761704478,weak,1644.2772146886518
3c3229961281,99.19062950599306,weak,1622.5968125097872
3c33dd81520a,120.78489434485074,strong,1656.462530677827
3c34eb868b77,93.3624641083492,weak,1610.7005712406728
3c5af28387d6,85.398457554914,strong,1679.003118150928
3c69b7486500,121.8090485647791,strong,1692.7686709550655
3c8ca0daaa90,121.6948209994844,strong,1702.293194334986
3c8d3bb258ba,133.27813749934666,none,1695.025598901546
3c9fab68afb4,135.3197775888557,none,1619.4485977752786
3cb6333877b5,138.2131707596251,weak,1601.7778946502422
3cbd58dbe8c8,98.52158144604284,weak,1675.627633451714
3cf1e0ef3396,113.17288465301984,strong,1669.4142057622034
3cf9dc5397d5,130.42152278927298,weak,1608.2820129603635
3d0b70b8d763,110.5149762778456,strong,1620.1906873097698
3d0d60190237,128.81905037484304,strong,1626.1753684919922
3d2754c560e5,79.34551620038727,none,1624.773519971142
3d4076165691,83.18224607300282,weak,1609.4845766990095
3d4bc83c18ee,75.43642145310608,weak,1611.4745100553243
3d4de1f28543,133.12396570785504,weak,1627.075657849971
3d71abfd0861,111.39890166228548,strong,1629.068937605491
3d7e77578070,80.5811487485911,strong,1638.501486001695
3da8d6f70893,114.89411188822218,strong,1707.061253773174
3dad7f6c14f9,101.37261555991496,strong,1620.2315486742625
3e0087fd6b5f,86.89181530800901,strong,1664.6481447949277
3e4a23ccefad,99.49549579157086,none,1621.0725606231888
3e54dcd3f483,112.67005823869336,none,1644.1487179175283
3e6d5bac52ad,82.92627184169098,strong,1619.838056596651
3e7c5fdac24c,124.10919623026946,none,1651.069682688686
3e92d704b07c,91.04325294489315,weak,1659.3422357176958
3e9d933011c2,92.37562283117842,weak,1634.4939598852889
3eac8e46132c,136.86475310621782,weak,1645.0836758109729
3eb8f096c40c,110.90122169837214,none,1652.764032033313
3ecefef2e251,118.21318460751874,strong,1610.7290890686215
3eda3baf79a2,128.95310243711347,none,1648.5800277422034
3ee6bec2fe27,81.52878487676654,none,1657.473548057504
3ef47b3e124f,75.27846101455998,none,1601.467621638255
3ef7e01a53b2,112.93669853127794,none,1672.3973501030391
3f17eaede8f5,122.28544539270636,strong,1663.4533577085017
3f22bbfeff22,87.23089300014458,weak,1676.495215024616
3f42fba221b5,75.38344602291933,weak,1660.484499385527
3f73a83cb1ba,107.39160502479103,strong,1647.63505761739
3f74761b8e7d,119.24672920858796,strong,1688.0209800073917
3f8128bea956,131.63705948503724,none,1668.2205663363227
3f877b8c1bc9,117.944681353547,strong,1711.2405999197194
3fb186a94ad6,113.87748353208777,weak,1695.3144140082986
3fb2bb3286b4,90.86880781095488,none,1648.1578943968946
3fb6750fec9d,109.70773118985596,weak,1629.3033885789323
3fce8f6f41eb,105.62876894616628,none,1611.391894988266
401687334e7d,78.21567608388412,weak,1652.359020363354
401e9c17b4f8,89.95087774423642,weak,1639.2727830763972
402405132a4a,93.7787984519283,strong,1602.4955112340435
4032ed807b44,116.61566823112082,weak,1679.4936899621523
4037be79361e,107.1480355087612,strong,1695.257100343826
404883f2f0e6,103.6203753672322,none,1611.5993659173191
406d71060e6c,95.39281954414848,strong,1687.8911513641665
40acc3cd9797,124.07333473041338,none,1606.7856211338617
40b97e334a4e,121.509067000872,weak,1647.2333695125235
40c15ce576f2,85.5501710473424,none,1661.0367096523005
40cf4f201315,134.60912963163102,weak,1643.7700292528575
40d503280e84,79.91320295599083,strong,1643.4195720981097
40fbad5111bc,131.09414630222946,strong,1610.662039434636
411c98820ec4,82.58917153160324,none,1630.3880766064535
414aeb25de73,130.72693555675056,strong,1714.917320989168
4159506919f5,110.9185842030239,strong,1631.691254861099
415fde0efc26,139.5416758186594,none,1602.6703247524954
41b0aeab6b27,88.49406507003573,strong,1664.9772464150822
41c342f9e550,99.66632794218772,weak,1604.5130224015268
41dfd0aee625,112.39944401775588,none,1702.320487505757
422f4ba1030d,98.44067212203744,strong,1638.277224630041
4242c284b8cf,99.97968818524052,weak,1685.2861984486017
42591b8c1f16,95.9504631020195,strong,1657.3677265318356
4259cdb94c5f,85.08346767595991,none,1604.039467884223
425cd3e87c47,111.9584621528532,none,1688.6148152000044
4288d5fc6ac9,91.0118302340705,strong,1655.3963131719668
428a71e8d100,113.78178442814789,none,1650.3232354562183
429106e2208d,80.29930942622077,strong,1668.6033083911186
4293a769b49f,103.04300895693564,strong,1645.4080272068086
42a2ec75a9fb,133.68251889747214,none,1638.9014419965329
42c52da6c3bd,94.755124424855,none,1643.2814590770206
42d79f7efd30,83.4607267454698,strong,1622.3726068843391
42ea88ac0077,104.19658966668386,weak,1667.8167069469905
431d646e5246,115.72976825632789,none,1639.5027843863809
432610e067a7,109.65954101507624,weak,1671.2045668231726
43adaa37d7f1,128.01275876760857,weak,1619.3744453365694
43c160bcb869,113.3215573922907,weak,1681.1269321711657
43ca48ca7618,77.14801949014611,weak,1646.9780826704005
43de0cbe51be,122.37538313021884,strong,1623.717569777223
43e43552f435,87.25937369366899,weak,1634.8011051421238
43e49bdcc230,92.38421496516358,strong,1628.3596331393358
43ef865e2cf9,105.81988245913168,none,1618.192854667965
43f0ecf8b8ed,95.51342432983972,weak,1658.8316447495022
440839c58f70,138.04399228284117,none,1635.9263188947407
4448f9d26810,81.61645713020735,weak,1618.3574100758726
44599aaa4134,91.21876503572835,none,1686.2672934568834
448574cf3516,115.16433472248936,none,1673.2782424527506
448b44af17f0,76.29204923349133,weak,1668.045547570982
449f31e3bf5d,77.10887227940741,none,1665.941993797771
44bbcdf6fdb2,106.18694795454812,strong,1676.0166823828442
44c197b455bd,86.96436939599919,none,1672.1004996705908
44c576d620cd,81.65593141421677,weak,1621.9302098316557
44e593872376,131.08260026971774,none,1699.58745655938
44ed8afb2c68,137.53049311867866,weak,1615.9829241382922
44f99753fffd,82.64335072914682,none,1601.958028952416
452a101f9206,134.91442615600278,strong,1666.145861705741
456a1f9a5cdc,115.2950248812671,none,1667.849952473715
457c2507c3f9,111.93392858025622,weak,1617.6859751506604
459791ef4483,76.40391209809019,strong,1680.168386856201
460c1a79591d,107.73762690072452,none,1667.9738298662303
461233f82ac4,91.13172178417706,weak,1664.664206978981
463259286f27,107.76679269444077,none,1618.0854341884817
46507c0e1848,132.2557067464998,none,1715.0819309752017
465e33fb04ac,75.37195790927174,none,1631.71592744207
466106c8f449,123.4575833946228,none,1615.789648280087
46641560ff08,136.37818728662438,weak,1678.8487075269293
4669ed116d8a,99.1620569303372,none,1680.3186123023197
469501b709ab,92.39281795683448,none,1621.7650510340109
46ca47615a7f,108.74140162223937,none,1681.275371348428
46d82f74c666,131.29496129458934,none,1649.2407633117818
46edf7b1f801,93.09766478655028,none,1636.929607843666
47288976844d,80.58481957911796,weak,1674.9041726090938
476076727b36,81.40223791736723,strong,1684.9404453864508
4787f3301d5e,98.40107866423776,weak,1619.5897508298233
479161dae52b,129.10677908306224,weak,1650.59869943626
47b50e61392a,133.28213240768414,none,1656.534756888893
47b571d46d4b,115.72807926607732,strong,1661.523430606932
4804278a86d2,112.43782313894398,strong,1660.4678125396456
480d431edc38,95.4881208082609,none,1622.7744820770702
4826931f7320,79.54212630217401,strong,1650.7552046577448
48571bbcef03,137.3489657779253,strong,1676.5617646522935
48de1bd79c87,112.6614923279646,none,1604.1874323146512
48fb12ed1536,90.20582684703132,strong,1620.740139458645
4911d05f0c06,78.19025393439283,strong,1653.5087760196852
4912ec243b8c,128.951507889124,weak,1616.088614283686
4944d3a72961,77.28671355720303,weak,1603.79230015044
4967c6c1bd65,87.38528643839102,strong,1619.8435542030115
497dd2f80001,118.43274019598732,strong,1698.37031705157
49a2b61def58,135.8134079833171,none,1605.25118750605
49ac4b125d78,86.3291595597561,strong,1679.3311490955373
49afd8019d08,75.5263413386248,strong,1632.3069948621858
49c3ec6b4ee2,89.1425282283592,strong,1660.8280354217063
49c65ad8dcc9,99.45924366508712,strong,1616.5430460443793
49db14c2fd31,107.75984135422884,none,1652.4831646423766
49de52234213,119.2116978196002,strong,1631.042889317344
49deee38f642,134.5610557732712,none,1721.2343805721864
49fa328129f0,78.06235558321568,weak,1659.6549559864336
4a12ba1abd41,135.26014363118108,weak,1670.8902858434556
4a5902106e95,128.10615811821188,strong,1606.2072448828842
4a73a438cd62,101.74689909691982,strong,1620.0247828125384
4a8a4e87c954,100.07781474328776,weak,1661.1506596873137
4ab86ff7b7f2,85.03997026899359,none,1625.0326283690747
4abaf047da3c,131.48823421588364,weak,1682.7455554295375
4ac48a696829,107.14425222368548,none,1699.977225576156
4acbb37898c1,112.567293585632,none,1655.8506351257954
4acf83d8f5c8,101.29564817271968,none,1693.0531593097166
4afac098a32d,116.1589451760766,none,1695.0812028150278
4b10247705dc,108.72320762354713,none,1687.030549055043
4b3b84839ac3,133.51098590736223,weak,1677.5551430712917
4b6dc8d65d02,107.94143439963136,weak,1663.1125096180815
4b81e0fbd398,120.95947403597306,weak,1716.6341308431267
4beecbefe26d,83.97246272383208,none,1617.1461085149456
4c3cbd70d94a,79.0595043359587,none,1653.3306890574124
4c79d0c35ad1,116.01585685800164,none,1711.2729080263855
4cc58a8264be,137.7528010904973,none,1612.6742243109295
4cca08f574b5,83.65741626513513,strong,1661.3367455941254
4cf99d610594,119.56017456268016,none,1714.9026445524682
4d08d3a714a3,138.6186124867294,none,1656.249528987963
4d124daadbad,114.37843325434817,strong,1628.5741752927634
4d30ffe1bc95,75.1813828426936,weak,1666.683453630164
4d6db46f4272,89.47013950532252,weak,1654.068031034575
4d80f68c30be,126.11050765810232,weak,1616.6156167726865
4d8d2d3d72ce,123.00966293753164,strong,1599.6039293253891
4d9ff1960225,110.79855183243636,none,1607.5353637952264
4dab7d37b0c8,136.8950759974907,none,1728.17515008099
4db26d72ecf9,94.22939302978146,none,1611.46901875509
4db41878c598,77.14655510327282,none,1622.8259099228535
4dbb22981031,92.64910028757104,none,1683.453342038718
4dbd2d965cc0,102.87068894028492,none,1617.858845217826
4de4cb618144,97.67346532702136,weak,1614.0251886495369
4e092c06ffee,133.04160428240132,none,1620.1825978144168
4e1287b43ddc,86.44922401698234,weak,1668.31641585493
4e347b3964a6,76.44539749430436,weak,1624.900717111207
4e55370cb33b,120.0496629984992,none,1687.2422252710437
4e5a6cacf87d,130.0698309109348,weak,1653.7786199674238
4e67f4cda5bd,131.5388054152445,weak,1712.149615080059
4e6825503439,114.77512614671365,none,1651.7070690303244
4e6d1f3afaa7,103.53086304104411,weak,1695.177646399023
4e79757792b3,134.55058025246353,weak,1663.88062487948
4e7e2a180ff2,113.6548818973159,strong,1621.9459578032831
4ea90da25b37,85.58995924437748,none,1640.698890347847
4eada93995de,121.00867421755302,strong,1667.3337892925333
4ed5d686d771,107.07139615111988,weak,1616.550402687057
4ed910759380,92.4582806387605,weak,1611.133972184788
4edb0031ea2c,75.21161831419231,strong,1648.948923686795
4f420240b5eb,130.33967466201162,none,1695.687322831851
4f5ae9092378,126.08860902869148,strong,1616.3374023475906
4f6f169b585d,76.52234260386705,strong,1602.9619191909903
4f8135555539,88.35232227102729,weak,1649.981502371243
4f8daeca4076,98.71304628563146,strong,1655.85167991159
4fd3809b7676,84.30623298397462,strong,1651.8495063135194
4fde2ecb2260,96.37577540124148,weak,1676.6895438058466
4feb1185fd53,118.60853496320703,strong,1690.23266300901
501eaad9060b,124.11341449657112,weak,1667.923163276594
502368224522,121.7836485440074,none,1718.7862463701972
50528b4647ea,86.13314234445117,none,1672.0184747824478
505368fdfa69,94.69295850920658,weak,1628.8065029747363
5064cb354c5a,92.22022654137076,none,1606.5940783458784
50a20df0c50d,115.6530368573792,strong,1708.8619810007458
50a92dbe57b3,87.84331343185299,weak,1634.7017806933727
50b30afe8297,80.10865768192879,strong,1645.3345570499837
50ff41df9c61,129.92241187678795,strong,1663.5404197606829
514b4ff006dc,128.34571760763242,strong,1620.1916775538814
5157826b6ad9,105.27960227897312,none,1668.3311411494842
515f0c9ede13,127.73103173707229,weak,1674.6037139597245
519184b4ddf9,123.28785551686238,weak,1645.736998627301
51a2950c62f6,108.69917330388478,strong,1686.092763216289
51bf4d53e334,78.40546420615104,none,1628.8709017632102
51d6b7659971,111.20726675609568,weak,1693.6454567111775
51db7bba34e2,84.75563568291244,strong,1683.0978721723573
51f4b1c244ee,139.80367714938262,strong,1626.5827785620522
51f8f636bf47,77.28914572686993,none,1621.5345183350316
52474b438d6d,122.77904398819992,strong,1630.7436843403414
5266b8d5a3bd,95.71859326641624,weak,1638.4651241956926
526abf5af491,112.8576213092328,weak,1609.134911150336
5280a2c747d5,114.90362028622786,strong,1706.334374926422
5288dac9e0ea,128.26781729964972,weak,1644.4211946268774
52b9f6bddeec,124.82454839342026,strong,1635.7010599967489
52c381a1d25c,93.73194397390652,weak,1670.3103516036022
52dbcb261eef,90.05268468673654,strong,1665.4958242489297
52e470d68eb0,94.55667501214072,weak,1659.545795353726
52e5d35739ad,121.1297969227394,strong,1661.9784366642434
52f37dc16673,78.59066537032331,strong,1608.9961643451988
52f94495bec4,126.162664243817,weak,1703.684243103267
52ff9c402f05,78.34984568592142,strong,1635.0395591341653
5310f7cee593,89.4584753467719,strong,1665.5354770838928
5334af1d8e95,81.13332467453067,weak,1632.6191936777996
5337f1e8b097,115.29296286953328,weak,1637.5911903207
536ae11bcf53,102.44911799003629,weak,1662.43674744379
538cc3d7946f,91.7277785356412,weak,1609.9283339619865
53ac14050a17,84.2214713251265,weak,1615.2327962421832
53b550244e4a,132.95722520928803,strong,1666.448657316805
53c513cba4fd,91.64835291124712,weak,1680.6194496504968
53dcab8812d8,84.45489699446026,none,1618.5523792988745
53ee72ffe95f,128.1266245858137,strong,1603.0995769095923
540142b712c8,99.96499366184354,weak,1604.916301198259
5422bd0bb9fc,85.43541155353569,strong,1648.2843042413256
54349f1e11d0,131.587908407426,strong,1724.7314606078005
543e9faa9fab,84.21198007755474,none,1661.214176662803
543fda5a6981,96.00727608716969,none,1653.2971678420326
545136d6cd70,75.21220657047016,strong,1643.1577952509103
5466493a3321,128.09964760726024,strong,1622.579314980835
546cff82a810,80.28205022253938,none,1603.0460892284227
54747a605ae3,120.31789460422112,weak,1715.5187043377705
5498a2e98bab,90.76993526585046,strong,1640.1891914515293
54bb0cf8a180,112.05964826284064,none,1641.3812235588543
54ea1107f58b,101.41029754294183,none,1684.809155553802
54f19df04f09,114.815074277747,none,1708.1571217583185
550ea2f243ec,92.8000479735937,strong,1599.0246343618462
5535eb0000e3,126.2256626952715,strong,1623.5399665536584
554473a4b925,77.58677636892634,strong,1600.202861201623
5553a1d24c55,123.18853968033704,strong,1602.1019201908025
555a78ca27d8,108.74623177030657,strong,1646.7028311591916
557685ca4d67,83.65843175272909,none,1664.1965273360615
55eddd682f6c,96.9565283449511,strong,1679.635535926333
55eefd0bf458,79.28983369784349,strong,1668.4752358618275
55f0e6c84446,92.9082360103136,strong,1611.306963888609
55fae20d91f5,120.65638207285068,none,1665.4426642909027
56029bd2ce77,111.33174310318022,weak,1601.1671313828383
5602c5b0c1a1,131.31050856114467,strong,1675.841933349714
56081aebd3d7,130.8745602529142,strong,1713.9270862843084
561c2cdee5a3,121.24663985784916,strong,1725.3447375354306
564a1f977a07,108.47079033066828,strong,1693.9198250125537
5667af9ab4ac,105.8326216349848,none,1675.2029109165908
568685282171,132.61539036819514,weak,1703.3144486682495
56a2f722b7dd,138.77559963022793,strong,1606.646643385634
570e1d20b51b,94.41366670573048,weak,1637.0032118565273
5723a7bb8a80,105.99983878832782,strong,1654.140872931044
5726e08bb55d,117.36733627602852,strong,1649.8880499089998
5748a92b4073,111.14720697025544,strong,1692.2716398102878
575150bccae5,79.33359724668718,weak,1658.4422009737264
576393408cfd,75.91136383403646,none,1600.5670518830088
57645e543fd8,111.63080197089543,weak,1664.5087176466293
576dc9675a83,125.76011331344108,weak,1683.7920918920847
576dd98e8ad3,84.6192296695342,none,1669.434823332342
577e908b381a,95.6642477350916,strong,1664.728775528529
578ebb2bbc83,103.88903484130826,weak,1692.0987988249333
5796024e1ecb,121.41139505227332,strong,1603.498888572489
57a4626883b7,85.46618942877053,weak,1622.9776551081586
57db676de68f,109.67476920313018,strong,1606.8009053810304
57eb8f1df89a,111.90711126053056,strong,1663.2686033835098
581b137a227c,117.32322448389908,strong,1659.3411718911354
5829e1b02ff3,98.63321543438838,weak,1644.0774833053592
585389f595bc,107.6313822519496,weak,1617.4060205679866
587897465a6e,83.82144282392618,none,1627.88557290546
5882b89d6a04,138.5503351003214,none,1603.9927655443648
5891d3008755,82.22436750651711,strong,1641.0689176715125
58c90bafb40c,97.35198365009298,weak,1693.6499449198843
58def05e894a,106.02682239068882,weak,1648.5633940006164
58e492e88387,132.0033486120791,weak,1620.0645129364673
58e8611681e5,135.0460149426559,weak,1630.362984009355
58f33417cd36,132.36191979804926,strong,1667.7328953970436
590f1f0fc128,95.8977002203923,strong,1599.3940757929531
591991b512ef,112.03174461085302,none,1662.2240838003374
592239389277,135.52327394948668,strong,1685.620607563399
592a3653c660,128.3369887645177,weak,1628.7533579055662
59876f998845,76.00311100178271,none,1672.2742390714088
59891e3cff1a,82.56238414976025,none,1645.1676799280742
59ac39c5abb5,135.99218364619992,none,1605.161846216777
59bca1a9fd97,125.16962517259836,weak,1600.834924415447
5a065d0c1126,92.89313941444463,weak,1611.9869041636596
5a128281fe4a,124.48115920535052,strong,1611.2945139567346
5a4b74d6374d,103.59667450746105,strong,1625.7567784758626
5a4fc798a6ec,87.43142420551833,none,1684.6966277494134
5a92c90bd624,122.18021233582068,none,1622.5189169584603
5aa19eded1e4,101.6839334483008,strong,1617.4284276957403
5aa67c471363,87.71069665689512,none,1658.527892756549
5ab09847f738,78.96741458442922,none,1634.806123277696
5abe615135c7,106.37291699255736,strong,1705.5821715795305
5ad55f0eb81c,99.51401847079462,none,1619.2799728125822
5ae01447383f,122.27611048800536,none,1648.7315769358067
5b110c72fe27,136.08486265860182,weak,1679.1278821333003
5b28ecc0e972,124.18026069275452,none,1655.052285512797
5b353d525ccd,76.33868129816894,strong,1647.0230426566588
5b49221558d9,124.69900954811492,strong,1656.3235239638657
5b75dd12de02,94.754671885776,none,1629.492079269628
5b7655bf04bf,104.6957360480297,strong,1634.4000488266647
5b7c067b4b55,81.57143291055282,none,1644.5831712552256
5bd04147e892,125.72466040337213,strong,1605.0702525862644
5bd1503f3334,115.8787521645175,none,1602.7764935576986
5c2e9f966fd2,117.91736187907492,none,1639.1196107537394
5c762f75fcc6,136.61219656926875,weak,1615.8264713324568
5c9449898071,81.34334736140005,none,1623.151563473597
5c97953f6899,80.64835973734583,weak,1603.3249571985948
5ca1327477f6,118.09007167925084,strong,1657.39633771823
5cab6f5c122c,124.91419557660348,none,1675.2259367528784
5ccb4e95c40c,129.58016327170552,weak,1715.0042840815106
5cfcbc887b79,90.95593032924532,none,1619.9239460190172
5d16e5a178cd,92.55300567876316,none,1672.5196078557435
5d2a4d172373,134.47213367802462,none,1720.3046568879215
5d2e92330e52,131.09470287693026,weak,1625.4156251069471
5d31e066cd14,76.2541758570398,strong,1632.0855379082589
5d78bfed8a61,137.96810020486558,strong,1729.3692381030494
5db917ed17b2,99.05896790706394,strong,1687.0661792046683
5dcf60eaee33,88.05993124933605,strong,1647.3850309597076
5de67eaafe77,75.58361285751772,weak,1642.6924026692357
5e17103aef88,105.3225568276633,weak,1654.191733091479
5e1e0fe78679,87.51588843647619,strong,1666.1075050945396
5e3a73bb0310,133.4080680978016,none,1684.0580993268093
5e5e8d2e8257,100.09773458909112,none,1649.6746518666512
5e7d67c5809d,98.65376059571474,weak,1641.666780516797
5e85a9726dac,80.66246628057506,strong,1611.2595510404942
5e8b8860c4ec,107.9209410522285,none,1608.4193532546603
5e98c3a42bad,81.5326189798406,strong,1622.590368490149
5e9bec24e18d,94.22415111736748,strong,1619.8803699233963
5ebb867f0302,137.73482421290228,weak,1733.0565964619454
5ec1b67ad364,103.28856092261492,none,1637.4763176807396
5f049060aa56,108.20765970457428,weak,1686.6450622245927
5f431efa7a04,108.65502845558603,weak,1671.708630494384
5f46c978e995,94.93286690777668,none,1613.5718730575477
5f5511ce98e7,139.03344327398258,strong,1737.468028444522
5f77300363a0,117.69857178332914,weak,1697.899496083876
5fb5a3f84b09,85.51752043256046,weak,1614.1765614516346
5fc418cb13af,112.0298463956011,weak,1689.2951855435724
5fc8ee3477d7,82.41525131812487,weak,1639.436578550755
5fd03e872366,90.61947160182284,strong,1620.2623096183502
5fdc0022fffd,95.5764991172044,none,1634.4929804208757
5fe105871f31,128.09495214386578,none,1650.0252416552653
5ff16a4a644e,114.76507916554915,strong,1618.5116254014076
60019cebcf9a,111.82129806058646,strong,1691.5462700708945
601810bb0197,79.5206091886604,strong,1666.2157905709123
602ef6466a75,80.3229706528494,none,1613.0906948450004
604be8fe8601,137.88565883984282,strong,1706.5393002693245
60a3d91f332f,126.9669538884898,none,1699.6455745836226
60b57830a3b3,133.75459123273524,none,1619.440782074557
60b74bc281a4,75.76661166026288,none,1612.0326703472372
60bedf1b94d8,113.99835540027227,none,1708.819784361027
60bfd3118112,83.78070007605633,none,1619.9524250459592
60e5d2752bc6,125.41956986593758,none,1720.6033886590517
60f0c277ab2a,119.40245168856582,weak,1691.1480893339724
60f6eddd3f5d,103.77644049857754,none,1614.1366419607953
6109441c9a6c,75.88991032804697,weak,1625.479779523415
611915cf454a,124.41579858483313,strong,1715.8359120016626
6142854f60d7,116.98534705899124,weak,1714.1464496221038
6155647569ae,106.72507883039464,none,1641.779833950703
6169c501e810,95.7928930510424,none,1616.7945495608396
61b39229eb95,133.0140606268993,strong,1735.6222458213156
61c9bb42d7f4,105.90519281652172,none,1663.7644079766576
61cd23f33c48,102.94853980865824,strong,1621.716841906417
61e3d30f6a9e,78.33883959853056,strong,1665.7149124232185
61ee2ba1c5ac,121.71236056053716,weak,1718.045463146757
621c5d0fcc04,134.91551212842782,weak,1672.527516584096
62203fa63c9d,94.34360160096207,weak,1660.6389333863408
6223d1dea6b2,86.77810004189982,strong,1618.163445950277
624051d83e14,132.46369812277055,none,1645.7825703698295
625715fc8703,122.78030788002704,strong,1647.0703840233114
6257dea7ad98,129.79971249818604,strong,1653.3334945246631
6276741b01bf,116.31931999014648,strong,1670.673787859362
6288c6601061,118.70929472801056,weak,1685.0749789672177
6302704e71bf,119.11024131696408,none,1639.366377851728
630afee3e6e9,84.04270335855641,none,1645.2470842533646
633702d3b211,80.94721432909797,none,1650.1315139671633
634c13c92d52,94.19518427767484,weak,1603.898254998265
635893049754,114.32084620861924,weak,1703.466277033415
63758c357b00,109.13594699182748,strong,1642.005762664314
638a3d0d0a1a,80.29403067925736,strong,1676.532604859502
638b2a0621da,125.6965451416853,strong,1612.7493671049676
639480999ce1,89.99336684957166,none,1652.5542786660233
63a3e024fee6,77.29038557969008,none,1635.8330569319016
63bc217af8dd,100.33689625231942,none,1688.8146409123046
63d8cd854a14,91.26051376054328,weak,1655.1789495197556
640d0d9314d2,91.98858201476595,weak,1664.5687961397896
6413e6240c04,108.72697447391852,strong,1620.2982873844276
642a8baaaf1e,105.677488541731,weak,1635.3328410307586
6444d307ba7e,95.49780293823478,none,1622.20325283914
64720306bcf6,94.94564186230043,strong,1641.6950528061354
649d14608f94,89.26290847175444,strong,1637.5144161182384
64a8997e1832,101.61517684087254,strong,1651.0702282026552
64ca09e562a3,119.98787337102608,none,1694.7121939530746
64d408aa03f1,114.16910863168928,none,1702.4712956624585
64d6fb85ff45,90.19077336322178,strong,1667.6677214779252
64e96f9f27de,127.9492543699556,strong,1664.85409283619
64eddf0a54ea,121.7977116440584,none,1628.7741068122862
64f974abce28,76.32807405538108,strong,1661.0586777033095
65022d1e1e62,128.7935542691873,weak,1700.0831848848427
6530a5556d10,77.4358411692509,weak,1617.9131918254586
6531b75e74f3,93.90122423143762,strong,1660.7057226650772
654a5cdef68d,121.92788834919848,weak,1608.087109483488
6575a9080e58,107.99669889635403,strong,1682.6418411111813
65d6f40d8ce2,112.07180722831592,strong,1629.4587189656124
65e6fa451b75,107.23927490849854,weak,1682.552307254154
66243bd410a3,125.81988681166388,strong,1618.2228752995538
664d4cf189aa,131.15112019314714,weak,1706.4735865976493
66580e53e5ef,80.04052720281518,none,1615.0814853666643
66596a80e3d7,123.41620533472394,weak,1609.660112445621
665a6a09134a,108.56210130723764,weak,1621.6693638795316
666a70ac0e14,111.65899567642091,none,1627.904154947692
667bb3a0ab20,124.17787140086446,strong,1694.894827863391
667f11548dce,122.91770687915415,weak,1611.6513007587548
669820f42ded,114.93770494937132,weak,1645.7024919724165
66a275e20dee,138.5069523573612,weak,1704.5283067717332
671becd1097c,139.8051469971346,strong,1641.9775320975548
672617d28c7b,103.93758226113732,none,1676.3338833794387
673e36e28711,84.93100979398548,strong,1603.3995736103852
674c4fdd7334,128.56258020250635,weak,1722.2705541156913
6752dbd7df48,127.20186922645026,none,1618.9157992194764
6756292aac59,83.00933257764012,weak,1616.0184519844604
6759ec4d50a9,137.87079126048616,strong,1726.2610096085475
675a02ffa728,85.45488707461882,strong,1637.6650134406427
67676ca52029,116.00336813856836,strong,1653.2843439631629
6777f9655c9f,75.15698985419746,strong,1651.7522978614509
6788ac8d291e,84.29835779160594,weak,1627.0448595481762
67acc3c8eaf2,135.18143600874967,none,1672.32245070443
67c9e98667ad,105.96421850316769,strong,1706.5158192529484
67d0f0bb230c,93.3097008419424,weak,1650.116020108493
67d79e266a26,92.35286893935373,strong,1605.670773327828
67ec06f8e177,110.3465322739218,strong,1615.7952919909055
67ed608222b0,80.7135311125986,strong,1611.9951185563575
680adbe511bf,93.81816423356076,weak,1616.8810449274508
684cbed9ec81,89.2979164234368,weak,1643.4445487199966
684d4cfaa3af,110.2597437074244,weak,1599.3708125083294
686ed25572a2,92.28121705016326,none,1631.4359483285214
688b0c611e45,91.00796941161272,strong,1672.909371026076
68c8d5441734,113.04878026212778,weak,1712.9931566693422
68d3bba78840,99.96921780923476,strong,1652.2775386992118
6932c9b5b0ae,123.943537733854,none,1645.3707438758129
69412e873427,139.67334432765955,strong,1718.642133312962
6949db256693,136.20343468563465,none,1711.9857673821566
69525eb73b8e,130.3577162869917,strong,1625.9574904825663
695336a92fea,109.5467749882536,weak,1630.8636575035875
695f9b3c8466,127.92319398280593,strong,1711.131651218304
698c9a0b1ae2,135.21608529554163,weak,1736.3876614566088
69ad010ee6c7,76.10424988051513,weak,1611.338545455715
69ce8514cd35,112.19613890047482,none,1641.072923358923
69fa16fe6d9f,79.31588420271314,none,1626.0869649845667
6a074c71a72d,128.15475287076137,none,1658.6137130635727
6a0f7176b7f2,120.89935666901164,weak,1632.08923849473
6a1716938d35,129.61097311529534,none,1716.2021024799326
6a3bef5bf9f9,109.89368506576804,weak,1617.7084460049782
6a6c5614beba,100.3529509623774,weak,1630.66063082472
6ab5a6d998a7,81.68012566743568,strong,1629.025098140523
6abe0dbbf6f2,83.17079278244012,weak,1679.4736668968003
6ac87f11b161,102.39376494423756,weak,1660.0990992296406
6ae9db63bfef,123.88896700805265,weak,1718.8355109140723
6afddfb94344,104.08852207433894,none,1609.4795333573995
6b2521064a6e,117.38914761640213,weak,1698.4553324413089
6b8a78568ecc,86.97769490676244,none,1667.30000320148
6b97fff16589,129.58455391751667,weak,1645.2997791876237
6b9d86f1d200,103.94137419079983,weak,1688.0896297616396
6bc697f41be1,109.63854871372268,strong,1622.2203232367283
6be79c9e218f,107.15288633184512,weak,1689.535563887256
6c00dc1baa18,97.3494781259356,none,1682.0943375039594
6c56f8308919,94.60689267889391,none,1657.244955455572
6c619103f1b6,124.84584518798007,none,1718.9662532872983
6c8006846126,93.67499460065886,none,1601.9067662413531
6c8ba483c9ea,129.14209009445796,weak,1680.9695809911727
6cc2507ebf31,79.60005018758834,strong,1660.3700093941854
6cdd30d3cf08,131.3592962878305,none,1683.048277260227
6ce28e29548f,130.98385456009788,strong,1602.087786072007
6cfc62df3ab8,121.4631944551019,strong,1706.8916537009245
6d07967c7206,134.43360107934936,weak,1685.141440652697
6d228013445a,118.95460673020528,weak,1660.9773133523092
6d40946c4796,89.28049466918173,strong,1636.428642391413
6d6b15df3011,121.3407850412168,strong,1704.1477120992213
6d863ba06f83,104.67315324752153,none,1674.8932081477171
6de70c99d96a,94.8913085648862,none,1651.7908400649455
6def611fdb99,110.998175928604,weak,1645.366420352054
6df9282fa8ed,108.91310237623074,weak,1615.0731703254478
6e37b2f68e09,133.0360140436995,strong,1622.7939700072664
6e3a9a3838a0,135.58411176165643,strong,1626.9240808790737
6e4aeddbf8ec,123.74811546277812,strong,1698.0925765930292
6e51fdb70402,131.2452770278689,none,1668.0523895780775
6ee9da424a1f,113.77393139791262,weak,1645.8285218157291
6f460f03c506,122.81939885538408,none,1642.7103888068289
6f8478605c50,98.56595611245412,weak,1607.0159916315938
6f9c35d0f275,136.81098271282025,none,1726.687000396237
6fad9a9e1a6f,121.15008043949231,strong,1679.3980813042951
6fc33081b857,110.17434838947176,none,1626.8749343367372
703546fee0dc,126.39676619790212,weak,1628.810242275441
70599dc24ba7,93.4165413482864,none,1621.1600498402536
70659f255717,91.65572248358002,strong,1622.9051975839768
70aacbbd99b0,80.61540008159875,weak,1624.2080840817778
70b081171411,77.11629123193754,none,1599.7301594168214
70b0c24a1b1c,76.7356527556085,none,1663.3305894586083
70b0d9a70450,127.7656825605156,strong,1646.073609114735
70c6556cf58b,104.64318288450656,strong,1650.8712408057534
710a327a8cb3,87.39537578839254,weak,1660.83122727966
711db140c8e1,77.77300432161003,weak,1671.1115908448655
711ede4330c0,102.0213662957129,weak,1685.9992275196098
711f4f6dd306,103.03287625785208,strong,1667.223550616453
712ae62b1af7,91.31495103320928,none,1682.3894518822865
712e97e563e3,111.36961615763256,strong,1611.8515070629362
7140ccd5e3f3,75.82689419767505,none,1613.3309361920567
714259bb5782,137.58936569471274,none,1621.1722195538364
71629418852d,77.07051249629338,weak,1627.7338817852358
7187a98b2539,99.32180310593328,none,1613.609506269832
71c1fefbe73f,98.02703856020392,strong,1668.587858171178
71c4c53cad6a,100.09932963904193,weak,1686.1712034857371
71ccb9682f15,91.43034577497994,none,1614.3867898482722
71fb92f3b376,78.531111050074,none,1663.908757007904
720331bc7d21,125.04350382114296,strong,1629.8703340357133
7213f4a08afa,122.86156143823764,strong,1646.3924280967735
721e09ec0a7f,111.29102477606854,none,1659.6604538903584
72385c994bbf,104.05397731916092,weak,1694.6325622608788
726813f27a5c,123.96996319123234,weak,1639.8312669024212
7269c696d60d,87.33620764630932,strong,1609.4923717630709
728477fc9396,136.30250555490704,strong,1638.036466667875
72867bdaf1e6,114.52639076472036,none,1623.7913752061347
728c1f3e4b9c,110.8604982874374,none,1623.571650469143
72f01f7bc502,136.20998647316344,weak,1707.2800689884357
72fc0468f1cf,138.72565880723832,none,1609.6915313524546
731e0122cbec,105.1136141844806,weak,1620.321226155957
7344ea0f25e4,101.48675937573144,none,1613.1388120443262
7354da619964,117.7812453617714,weak,1632.4933256638767
735f3aaa84b1,109.6319216247218,strong,1698.3560044467752
7382a90221d2,120.98133193547912,weak,1631.7953230826608
73ab260101ea,102.16980219002444,weak,1652.2176309543863
73c53407c4b9,120.9243701360196,none,1651.5509429377282
73e7687dc3f9,118.93882422726428,weak,1689.930270566145
742927c86571,104.35992967411902,weak,1634.2644552582356
7460e44d2e60,130.92236676619984,strong,1605.176209845747
7472decfde9e,77.31921812028375,none,1620.0786792684155
7486921586d2,106.94931925176272,strong,1662.3458873909085
74a5964d5645,111.65820225569333,strong,1632.9647332822071
74e4337aab60,122.53832768067728,weak,1658.3968028850309
7501ccb2e248,122.8636128649636,weak,1634.6414845790696
755ab868d3d1,90.85461545439284,strong,1625.0748955825452
755abcd7ffa0,81.52474500625515,none,1668.5960004911267
759313444c06,113.74844969100128,strong,1682.4990407805828
75f845ce5069,111.85862819505073,none,1674.8487452818383
7643621586c2,82.47528316496599,strong,1640.236806936109
766163175674,119.29598489788478,none,1656.7229599526158
766bcdb1f14a,110.5962879488928,none,1683.5137016233814
76a4e743d679,97.0129054197142,none,1630.2939609956943
76b9288935b0,104.62378871775068,none,1619.3833807329993
76f28687fcaa,97.23745654610644,weak,1613.9981969990006
7701f2a65008,138.8989621238639,strong,1723.362323380101
7703e361092f,105.02470973858252,strong,1657.150705880225
77128bd55508,84.48359873711964,none,1634.4711863115535
7739e8a5a057,101.16450960256498,none,1685.7845636849383
774a9bb16541,117.51459138639328,strong,1689.5318996235917
774f95e275aa,135.8818051824028,none,1655.269045092379
77568585f0b3,123.6126127930006,strong,1676.5391680747107
776950c297b6,126.33693960418576,strong,1623.4619424618593
776bc19f82d1,122.7471018977658,strong,1704.7364509622048
7797712352d1,109.55296136755322,strong,1643.3744225221722
77db9649bb66,116.27454638480756,weak,1603.5551175022606
77e13ac07f2c,92.13612581196637,weak,1635.6834774890904
78254d1609fd,88.93574852135896,none,1647.6692417467525
782660030f9d,90.3475903162782,strong,1609.7871902456604
7889d0b00fee,98.79106221288632,weak,1609.8564203705882
78bc9df1487d,117.97841370926488,weak,1633.8744289478009
78c054bf3206,111.1356760272238,weak,1668.3058663400764
78cd52c95025,75.3366262780031,none,1602.0808908481351
78d4126826ce,116.81822637994428,none,1660.1591843186332
78ed682f4b80,120.65567900150438,none,1599.683006488723
78f9bc6d1c9f,85.24409412199593,strong,1663.2212908133474
78ff3d46375b,112.03012784079752,none,1607.9174512400762
79005340cc68,103.87487756652236,strong,1680.031649820609
790ea1d33a5f,137.7695455878695,strong,1706.1098022822136
791666699c66,109.01442654779596,none,1677.0513586295988
793c82429bd1,101.38292509312112,none,1677.92254290869
796ac3fd6fe4,110.67809803121708,weak,1695.2082690191774
79822158ff6f,93.11207288825516,weak,1607.6507256344462
79b3bafa6624,77.87779402820253,none,1668.983863722127
79c6f4b1fe51,119.7040352376086,weak,1607.1619237501395
7a0ee61df6f0,106.13669153480764,weak,1700.6906776184185
7a11d7eddb2a,98.08269134867292,weak,1672.6361905056988
7a126e3e6bd8,95.37702403387242,strong,1649.0387834450223
7a3eb9af7bf0,130.88176932157745,strong,1662.752626963386
7a659ca47b0f,112.97105957871275,strong,1670.9040652246738
7a8131af3f8d,132.65790905627972,strong,1697.6691941164377
7a90f4a0973a,117.57885046848386,weak,1665.1989602261044
7a97da81c37e,127.4861084009541,strong,1692.5626269474285
7a9a2cc439f6,86.19073707444558,weak,1612.9711409425345
7aa0e3047ac9,115.82655556621894,none,1647.7111996025728
7aa1009b0281,81.62115745866541,strong,1619.2810706998744
7ab379370795,86.15162476196011,weak,1677.1572861051409
7acac10c76f3,116.35205409278016,strong,1608.260061049118
7af8e3886408,115.39484637471602,strong,1638.123855274442
7b07feae6e3f,90.31355078150564,strong,1655.7933692267347
7b528761c76c,88.18926389387855,none,1616.5093408725068
7b6376f8adaf,95.3032242002584,weak,1680.9588182952407
7b710601cb7a,123.83611979057032,none,1722.58821266191
7b755938f18d,97.26361070392096,weak,1679.0871789178643
7b9a6b530e92,114.9386856029232,strong,1683.1048787235777
7bb2c4de0c70,109.76377716570153,weak,1679.8634915013145
7bba384ba00a,97.57345427043472,weak,1683.447520566485
7be3de9d5632,136.99116404207246,strong,1654.0251583635254
7bef1c69a949,90.2438887978012,weak,1602.7965829253326
7c323dd47e1c,75.75893582796462,weak,1669.2509979443432
7c4dc66e4d43,76.63779660211442,none,1633.1376681872823
7c66f90234cb,135.9020502929658,weak,1658.1176743477067
7c959cb9321a,105.3033916461438,none,1620.6136263573474
7c9b850712a2,108.37321296786588,weak,1706.297910810255
7cb85cd399fa,136.90748923759486,none,1614.454001786507
7cddd3f7b280,134.27868757778995,weak,1615.489240816154
7ce3cd1f0b70,132.93000488391243,strong,1663.1357962353957
7d17391e52e3,80.29954491966727,none,1657.4030682671885
7d2350320b2c,107.98714486371205,strong,1674.2706400311636
7d2c1b6decff,136.9681406758606,none,1678.2195156491755
7d97e437327f,138.983477104727,strong,1680.7790609624897
7da25771253a,92.68811751889142,strong,1670.8887148461986
7e1699c7bae0,78.84640202539217,strong,1647.3559544031095
7e31c82d17c9,123.2151115785207,none,1606.9371655754303
7e3acedfe6b7,112.8198685326579,strong,1638.68845030065
7e449d245935,79.1503560376504,strong,1620.367582287458
7e57515e3062,93.103495190609,strong,1610.3764254526648
7e8133296d66,92.07381716504229,strong,1630.8873277077726
7e8cb862620c,88.80698805478939,none,1685.535606695167
7e8d12b220f6,111.629289057565,strong,1638.2873147877808
7ec28b70f67b,106.14764727138814,weak,1629.2504386477754
7ec9a9543c97,127.66305147597728,strong,1633.9594023219731
7ef2ae1d8556,122.70695707116064,strong,1703.2540480498571
7f2801bb93b6,93.80328894879898,weak,1640.756732436265
7f487bf3981c,111.53734262765197,strong,1705.2897720020107
7f5c19924fd5,109.56445446514064,strong,1659.30726242013
7f69331fc6b3,133.33715509670984,weak,1723.5225886379324
7f81ed9f4c78,91.7055461122992,none,1681.151395009348
7f93d9ec0237,76.03437059724965,strong,1653.5370566471684
7fa1cc106d71,81.05818013898428,none,1633.3159377777674
7fbf51811c62,116.51874779143668,none,1680.2120967912722
7fd09035c825,88.01213990558236,weak,1667.265671755107
7ff2348722b5,134.51660746337657,weak,1722.2910181517752
800b17937602,103.86854319306266,strong,1698.7828652807264
8040580dcccf,121.30971758271149,none,1618.6679507644533
80509b969f28,103.7985665091723,strong,1620.307364590618
807bbc49abae,99.0949052652604,strong,1670.4858976959645
80855dff3288,88.7978358236033,strong,1605.7680083919847
8097f290dc95,110.10443633188612,none,1612.5504459609242
809d042f2dcd,102.8075143217318,weak,1665.8191827330656
80b853ed7bb5,115.92544188461324,none,1608.4549200771978
812286a30802,83.8896633502678,none,1624.2591195485973
813da938dbe5,112.33539952720932,weak,1689.6667468598405
8168d6a5cc19,122.53179092423154,weak,1607.4790086827604
81a615152695,89.53007322663362,strong,1643.6460715386763
81b39410590c,123.77549243630914,none,1625.7979588184774
81b3e6424a5c,120.00993204773886,strong,1659.5128239723483
81c066a667e6,99.0776004229238,weak,1647.5422520462812
81c994749222,85.49830125155495,none,1644.7533249663725
81d0c48a3d35,96.21867102103369,weak,1621.3994694081118
81d91846f330,132.89655739045028,none,1670.49316253183
81e1c6b354b6,120.82762289720414,strong,1602.3787755290457
81ed5646e67b,112.61331845129916,weak,1686.1990565410022
824f5271a873,131.78097395075702,none,1612.566720990365
826ce6806e90,104.11407359644676,strong,1686.157599382433
828d3c1445c0,137.23779864955722,strong,1714.601116181601
82e9c1785029,77.00588959921319,none,1658.669019597542
82ed7a14920d,108.34523288344356,none,1691.3999334085586
8313734f2938,99.49431690215891,weak,1684.221527313637
834c16ec5a9e,119.2408610162007,strong,1647.225675309987
8367ef85180d,126.81324933499845,none,1633.2848165105286
83ab0c4ac056,83.89936566126289,weak,1680.8502992120773
83cc3ac560fd,135.86513253341738,weak,1635.848433518256
83dc18be5487,130.65584541423522,strong,1681.580592888685
83de48d3cdf3,86.49249134389824,none,1672.2319202179865
83f5e1dd9755,131.75660082045755,strong,1703.8594036366364
840f22451935,80.66256734382222,weak,1633.840506946214
8413c6d9cc20,80.15327067570809,weak,1656.6334148934193
841be1717962,139.7901257270354,none,1613.1839109615898
8420f50d07f1,105.82451359577313,strong,1682.8429072586964
842e36a8ced8,83.39026830836255,none,1658.4899557211436
84a511d93b46,135.3392482311566,weak,1652.2126243251346
84a8c15507cd,99.99978544484412,weak,1647.2462334475456
84f0d7d51852,92.19033598057015,strong,1601.759241095028
8510fa064bb4,129.90739154384175,none,1696.1284605865064
8524cef00984,107.93716821490968,none,1668.3984278847242
85631a84f8cd,84.76298238957938,none,1611.3794823817311
856c4257df86,116.70216083946124,none,1631.1235499954564
8581ad76be5e,89.3112997664886,weak,1606.1327265519851
85859822b168,137.09354093314647,strong,1684.2557500415633
85b85bd7a313,81.58403475871846,none,1659.0473076848657
85ccf077787d,86.73591239917926,none,1609.7256363634472
85f93b39c98b,104.16323281361724,strong,1699.7346667677175
862ddfa899b6,136.47299469736015,none,1702.2565163766585
86319c2194e6,82.53596071679397,strong,1634.7069100159622
8632a4189227,86.66139179186452,none,1639.2461059289487
8636400c25de,134.6744528866542,none,1698.1861485384786
8657ed66b7b6,94.34363483001847,weak,1636.432924216306
865a136503a9,127.34489040767482,weak,1695.8305275910056
8675d7acf010,116.34267649537772,none,1608.6086992094831
86c313d2dae2,128.120992146191,weak,1672.4344004739353
86d47e65ab05,133.81279704028364,strong,1612.3715225908138
86e2e3b840d4,129.75805309208633,strong,1632.1105191344036
87020abd3dea,106.9753200273253,weak,1621.237011730526
8712027937d2,76.16878991362557,strong,1617.2753507535667
871844cc88df,104.86964285995334,weak,1666.8107415024856
8737d5ba1d67,104.52889888042068,none,1690.050315174612
878f42f29ece,89.24741529149216,none,1665.3050699002997
8793468fd1d8,124.2524892049009,none,1694.336467989807
879cd4cee033,95.3976959158117,none,1604.633686331451
87a3b109db3d,119.06179105687512,none,1714.8823676510356
87b98540a686,122.65061311452868,strong,1606.8601707522837
87c8920535b6,133.53809313533253,weak,1658.7719940135842
87ded842e01a,124.70504912052752,none,1681.841294992083
87e6a92d0647,104.07965331825244,none,1678.3493340398331
87ecf2db1eb5,93.97346716342884,weak,1631.3557648128271
88046567b173,85.86910450659053,weak,1627.4088580619543
88528e09c5ed,105.77116820421575,none,1605.0226941245696
886ee04fc932,82.93599108325229,weak,1607.3146878010657
8889e2a8c276,94.62006365024484,weak,1689.4321310186167
88a18e4c5e55,113.92198009953918,weak,1661.569553719422
88a33bbd554f,86.97756383632228,none,1632.727700117776
88ccb42e995f,127.53359662453434,none,1718.7189744039151
88cdf4aa9794,120.77815239678098,weak,1701.764619673791
88eed38f7705,131.59032436942906,strong,1647.0396146785176
88fa6ac16391,133.57138393906786,strong,1676.960363752187
893c0e11afaf,112.12298570198132,none,1608.329957578196
89445df0193a,93.4994300652513,weak,1624.4208305173518
8960fc71ea4f,93.72042723461595,none,1621.2663162321371
896a3c921c5c,117.70646481319298,strong,1658.7328525095238
897590bcf4f0,102.238279911655,strong,1642.7895955841389
89fe35d8ec9b,91.5798215549204,strong,1603.8337188805194
8a31a185fbf8,88.05377988844216,strong,1622.3951466964563
8a61e4a01062,99.05004754560892,weak,1629.5503977872463
8a6d609fdde5,110.75510546382732,none,1614.6234960666948
8aadd44365a6,127.18059432218678,none,1632.160585160521
8ab7f21d5453,95.89305503418188,weak,1693.746231092522
8ac74b0ca3e1,128.49542136525602,weak,1618.6575158256528
8ae3389ce527,113.87916872944956,weak,1671.9541571604227
8b1bb34a81d1,102.74907438582174,strong,1677.2986835739707
8b26ac5c99cb,133.49604513675138,weak,1662.2594098487364
8b81294e9d5f,134.68347067021315,none,1642.548319564362
8b88645d27a1,107.41925310383694,weak,1619.8534191286751
8b8f9ec07918,101.98472105671432,strong,1639.9199216639174
8b9ea403cc74,116.07705710416872,none,1649.588908585951
8bc9cb888b1d,119.6515360402811,strong,1666.989028455245
8bcfaaf87e60,134.18068363089156,strong,1734.317377349352
8be658397cf2,94.1316662293454,strong,1637.796405388348
8be6a3ae4837,96.64480009442562,none,1611.3525656018053
8c335a893a20,79.94219180867664,strong,1662.6994966904235
8c4dcc832d49,127.94679313659029,weak,1673.866610413061
8c8ebe4b3ce7,110.92460692919798,strong,1645.4178752579262
8c968b7f97b4,88.0394370591547,none,1680.5231306524513
8ccf8d846014,101.58960565828964,none,1618.6334835433772
8d07ff46e25a,85.72810955951803,none,1647.5827439403563
8d0d928f4a03,99.84635706658216,strong,1663.2756483143737
8d409f4d5108,78.46378918162718,weak,1616.765017111299
8d577e14fb46,105.2780513232597,none,1645.4392488800902
8d5dc4f1c1f5,110.64239586367889,strong,1701.6213643081574
8d6d2b25eba9,129.64674429882197,weak,1667.357364256836
8d922bb9bdfa,88.97875567647608,none,1676.7282531537444
8da31973a032,101.8527993079838,weak,1653.3093909423603
8da6f2e89b1b,102.31577047720369,none,1679.2148118643092
8dad51129817,80.45222499834362,weak,1665.6241429209583
8df292f74337,118.96926584783124,none,1713.1760420782716
8e120c3c64f9,114.8784042134849,weak,1631.3462245388555
8e3960413e87,99.76256861863868,none,1696.480321819887
8e4700b05435,134.72430106215597,strong,1614.1471007951209
8e548bc53085,126.69187765205636,weak,1659.6030659731096
8e7fbfacbe54,107.3070032229267,weak,1643.2962605994878
8e97dd252697,94.9446225685856,weak,1689.4460905271555
8ed1dc28daf8,101.1008671132202,strong,1636.6422979384738
8ef38c8628d4,118.21156928165908,weak,1632.1941101588127
8efc7c043ffb,91.42996406690966,none,1679.8741089758598
8f004d2a8301,77.33802658683449,weak,1606.1490060474791
8f0ec73966e9,93.48963706276469,strong,1668.435152479439
8f229d9660fb,95.00118035064456,strong,1628.4125669183557
8f391374e0a5,76.23922545187642,strong,1616.1192807398395
8f999ddc20b3,94.51080851922966,none,1599.5532496684275
8fa9a7522388,87.29706464924445,weak,1661.6723543066958
8fadb06258f0,127.9866689905324,strong,1666.21018261474
8fbc2d193125,78.83501088335957,weak,1637.9694169516918
8fc00d38b87e,81.25596904582282,none,1615.8860260666208
8fe807235bbb,105.37698810953437,weak,1637.112377367887
9026eea244c8,135.24982921185722,none,1719.0425342424985
903f99040ecc,108.90145700897172,weak,1644.6064276759046
908589c8234c,87.3230903317035,weak,1681.7238849276184
90a198dd5e43,112.83343419014388,weak,1636.8945660832098
90a5a08bff3e,104.39364059399354,weak,1637.0712484979103
90db722cf75a,76.97276913496725,none,1630.6678911899558
90db750e3255,118.75611641523294,strong,1622.8530901634244
90e1f1c23a59,79.4628828503219,weak,1654.7271521126197
90e447a213e4,96.2445613499925,weak,1663.7824461959567
90ee68d5827f,134.90337777356402,none,1632.215085928032
91071b19a648,103.91193658774064,none,1656.8490553489612
911a99b85fee,113.50248580558836,weak,1702.1726488029449
914248dd3e15,95.31519502666906,weak,1659.6383953858433
91474aadbcd9,82.72450580518466,weak,1641.679215234483
916025d3cbef,104.35640757326952,weak,1683.1710982070658
916463cc6b4f,91.53975804644398,weak,1628.7681060088748
91664adad51e,90.22869555214984,weak,1663.7928903687032
9173e92d4474,75.61394718309523,none,1622.6158060485004
91ca91615642,129.63881139991733,strong,1687.654774145804
91d3453db8a6,83.206332435153,strong,1609.474910269302
9226069e131e,115.53105306329016,weak,1709.6367508487788
92283ce35e61,99.0976316637064,none,1631.9724995226825
9231a116c326,133.32828842814794,weak,1717.7334503541822
924ea7d96ce1,123.8673118412048,weak,1624.943205963565
9253e6d98bce,138.7504467306324,none,1619.7520487345205
92704240db73,87.80375902139944,weak,1650.4031514977962
935316a44e5a,77.75273888869827,none,1606.3032809065985
93bc87b1971e,122.83763745075964,none,1635.6306219754083
93bde7ca4b8c,88.16127875201737,none,1625.4860857570034
93c4cf1aa040,124.99616062142864,none,1691.9303430917375
93dbe01b700e,139.64468439834835,weak,1705.048142794617
93df8478cd08,81.2735092110586,none,1601.042098963409
942dd0b49c13,96.86023752604804,strong,1697.864488780466
944166d0946b,124.36714024325238,none,1633.1845957706162
944be0a38348,122.0682098136071,none,1660.6799212690416
9476cc0df34d,123.89589338669856,none,1646.0529186146346
948e68da382c,110.06890783158325,none,1610.1139473860185
94e1ab6d7af6,121.27279804195967,weak,1602.4225586909768
94fca6b0924d,84.83765010935906,strong,1681.7316797618114
9504fcdd6f83,105.5035505364729,none,1702.120687848737
954f2a55825a,128.49983628406633,weak,1628.1971900627746
9565d6f59ba0,87.07764502142064,weak,1652.79886253602
956763863157,127.3236014941438,strong,1609.1607121602403
9578facc641c,81.3219430344991,weak,1625.8354964983614
958484391769,135.54376547536833,weak,1697.5477707977943
958578b36f00,84.819048074993,none,1611.726514627945
958b652f4e3f,137.87059347729814,strong,1683.313000928496
9590218a1535,121.77922412454376,weak,1694.3754235815684
95b108f51d43,87.57350120143323,weak,1637.005770982053
95cd292d962e,99.19204271673826,none,1688.264498426411
95cedaef38c3,89.38070735907571,strong,1638.5374816875787
96037f513431,115.99028235158488,weak,1647.684446867699
96406a1f033b,120.10486995264468,none,1610.66439201998
965d8414cd59,139.10855382035174,strong,1675.5162350286262
96a627c455a8,113.2896804437372,strong,1627.747986916732
970607454585,130.0807568377576,weak,1671.389412322492
9709a75a5dc7,82.95969306119507,weak,1652.9415397299442
9731322f55f0,118.06312586132852,weak,1711.1554080157996
9741a9e507dc,125.12714246757346,weak,1629.257050042277
9749ab652190,125.43835087159025,strong,1632.154768872237
97775f32a464,77.81331663689078,strong,1665.899678989873
9782d498f6e1,128.74323102651252,none,1643.4590995951608
97bdd98ce570,97.3568632858598,weak,1681.0509715218143
97cdb1d3be31,128.82317962429124,none,1662.9190251821033
9825668765e5,117.34142327035131,weak,1717.4275090234853
982cf8841c5b,92.04915671357288,strong,1641.9868666351672
98481d76d862,138.67378747914063,none,1626.6544568578622
984e5ac4c156,133.64890406865806,weak,1725.9264695249235
985d8e866ef0,107.79563683226696,none,1642.9257638228785
988231fe81df,109.9900088925997,strong,1669.064196994719
989fbe5ccbb9,75.17441492861582,weak,1643.7225770541256
98b47be4f543,103.68659267782397,none,1667.6942083483837
98d2cf87c5c8,117.66494478525088,none,1710.0843047326769
98e420444357,87.38622113027736,none,1639.0602522046297
98ea688addfc,80.95101475905534,none,1662.673357784878
990ac53e49cb,78.75592862295993,strong,1662.519750583345
992296ca5d62,108.13633941833068,strong,1607.90402262283
998c7811686c,124.74107991310396,none,1689.2242947584482
9998d675fbfb,114.39259200855342,weak,1605.1170685809425
99aa21c99714,81.84203672465517,weak,1607.1168470628006
9a08866a26df,122.28517087150544,weak,1704.839628942481
9a09b16085d9,110.70549342528308,weak,1607.7349048487206
9a1273950aee,116.58367353041504,weak,1709.2970450086896
9a17f34bb9bd,136.41229443744467,none,1604.4006295929096
9a1ad7790075,105.81966289408044,strong,1634.8358943905569
9a2b29016b8b,136.04816971985724,weak,1697.6042048344796
9a2cd518e0d9,124.4027318914382,none,1630.2000255010114
9a2dd1cf0c69,89.01599983563939,strong,1607.710663685082
9a4391b5a0cc,95.39189568014584,none,1625.7414275755666
9a75413ca3fd,105.16846997712835,weak,1707.6069876525737
9a8cd3d7cce7,90.94691931949971,weak,1608.7043243484047
9a8f57a94542,82.90248950529646,strong,1629.8773676747735
9ab7f31dfc78,113.55984555706696,none,1634.7837754289744
9abe41c5d811,100.71426697416854,none,1621.3055656722447
9ae98e9c746a,119.60936692262752,weak,1703.235901727514
9aeec9a9a0f5,90.571657518919,none,1661.451494915534
9afe27326a65,120.94477812239326,strong,1694.615728153739
9b23e208df4d,100.79067735819646,strong,1689.000309240682
9b2e61c72b3b,124.02518791334757,weak,1706.8234678850893
9b33e034c3a0,79.51178151160164,none,1610.0342547640582
9b450a59bf2a,88.20590970238834,none,1610.9786108914
9b4c0379b2d1,105.24275792788356,strong,1705.4182536361002
9b58383fba6d,120.70081517260572,weak,1647.2841308045697
9b619a9ca8b5,137.29275188469393,none,1638.305908373918
9b7027828699,139.44428842197996,weak,1614.5828707781495
9b78fb6040bf,137.77708145934966,weak,1644.800313424872
9b91b41f4380,131.114626082583,strong,1648.189346034066
9ba5c88de1ac,96.78560116798371,weak,1688.033028049811
9bbd6bfa1a7a,139.3776590705346,none,1700.0072788273576
9bcc07c4e5b0,131.57060473097366,weak,1599.219974224341
9bde2857ee15,101.21147065472158,none,1637.86536591738
9bf61985e72a,75.21298822438693,none,1621.5384423010055
9c231fdd98a3,83.25736915177362,weak,1666.764309133674
9c299dae375c,115.437779768102,strong,1652.3566997565458
9c3946021577,90.38504520850404,weak,1620.6797211973185
9c936f436d4f,133.1377103541238,weak,1730.374601707091
9cb02a19db6f,114.48966107798148,weak,1697.9972475336376
9cdbab2f5771,104.97514388457633,weak,1661.724405999312
9cfefecb7a4b,87.51012717294161,none,1618.1252211946032
9d487276d322,121.1714848788532,strong,1684.0665668898637
9d542894afa3,119.43948426707034,none,1604.5505368073946
9d577262e3bd,88.65306308358105,strong,1661.9030045816578
9d72c786fd6a,115.11337414948264,none,1620.5731582216365
9d72fdaf26c8,93.6742915889718,strong,1660.4029935546314
9d869607e8fe,109.87889536262831,strong,1684.845607141849
9da4c0ee9dd9,94.48010173788258,none,1636.9611444103896
9e17fc00ca73,81.27175135007583,strong,1619.018340818051
9e2a9c6e1221,139.72283723571113,weak,1703.4190919418866
9e2bdd2f33bd,108.46777331763909,none,1673.3764935504903
9e423a01cd80,77.63770310490456,strong,1599.5112093089667
9e46bcf6a8e7,86.471963783848,strong,1672.2438882919416
9e648c384885,93.60026790557008,strong,1679.0614387023368
9e747033602d,130.26997624682352,strong,1652.9673746197482
9e9e3da0e36a,133.27607809842132,weak,1658.0959598389113
9eb1cc2a4a9c,122.1775165786693,strong,1613.661731489262
9ee0f2a6503f,106.96224072891675,strong,1630.0068016816467
9eed57175019,137.32813394328844,weak,1651.915087368092
9f2aad8ed25e,121.3239189439952,none,1614.868234952607
9f4166ceaa21,77.8085963014433,weak,1658.8778656885736
9f4d4ecabedc,107.42111745849483,weak,1622.7715285456552
9f5bc4e006fd,136.33581666657653,strong,1640.991563042554
9f9017a569db,130.9216896027448,none,1643.9871507767837
9fb07fce0aae,92.3811111296382,weak,1636.320230376497
9fbfb43db605,123.47773451391969,strong,1691.7602701762255
9ff288d62ad8,91.08162345509012,none,1682.916603812704
a028375a5966,75.68742998374232,strong,1639.778820155612
a033ff6030a6,108.23160414412372,none,1634.4059257844167
a039d1ae2070,133.87410221047838,none,1699.4686811003437
a070dd921cde,90.61058143344,weak,1659.0909754328754
a0a1c28ca7fc,130.6945583695164,weak,1720.2721458141607
a0ac72fe1c30,111.34798239015316,strong,1653.953568788378
a0ae0c4e74fd,128.99164377177948,none,1619.1827282240456
a0b7ba87a0fc,105.5349077761967,strong,1621.6997206931942
a0b9fc85c43c,109.01476994338653,none,1656.1736603474144
a0c36f934391,108.64410097774986,weak,1616.8032052171625
a0d3c3b03cef,125.6561481236777,weak,1675.3885466327306
a12bb7b08c40,137.58544678278898,strong,1688.95782238816
a13539b31cc1,101.4646448100971,weak,1633.9206792685254
a15131bdc3ae,133.3387591949346,weak,1640.4085398668242
a15af53daa55,121.90661420377803,none,1607.1930095286689
a17ac273cc25,118.27267853600196,weak,1673.7150101614122
a1917ed6a65f,131.22527825557913,strong,1722.7300717814032
a1951b0c1ad3,79.56126070726904,none,1663.843947673404
a1a0cdf9896b,112.645635886807,none,1674.667350248325
a1a3e57d5b69,126.809512868883,none,1607.8279510882448
a1f673bd373a,85.02239793530579,none,1646.714947571293
a1fa6b0bbdb8,98.5301635726736,weak,1663.15488736622
a209e95951c7,137.9088233181734,none,1612.3555908806793
a2222a1b6a2e,79.89707469258998,weak,1664.9074215966264
a22f849a7053,78.87789220093096,weak,1630.795451542612
a2303007508e,130.23006727201903,none,1665.343366693604
a23e89410085,122.18201739315484,weak,1695.5052853173954
a24a831b17db,109.47269054801708,strong,1674.236487676914
a25a6e13a1f4,103.53618141033732,strong,1654.0524436739777
a2ba083bd9cf,138.97439909188907,weak,1654.5951794968394
a2ddde6d09e4,92.59914984012173,strong,1622.982031697651
a30999083f7e,107.83503191269293,none,1603.5194410561642
a30ec433603c,88.50814836302126,none,1625.8299719108384
a326281181f5,121.933076640226,none,1601.207535602953
a32ad1e04f7f,128.7926511117904,none,1670.3823710195015
a3646159811b,99.79495651089572,none,1684.9366545319758
a37f9a3f545e,117.72085436259768,none,1632.778488909934
a385fd776e83,100.07430177149918,strong,1605.0288135121696
a389dff4e8ad,95.91034003959628,weak,1625.041581474515
a3ad6e96954b,103.29437726510236,strong,1651.5391464624638
a3cb42e5ed32,96.86223529907952,strong,1630.4972021480803
a424db4c2c9a,137.43472455236684,weak,1600.3233097347947
a4259572ffde,131.73259855671034,none,1631.2864474385742
a43217b55fc1,106.75001666576036,weak,1650.1693149375558
a4539c3f9f21,78.6903335555396,none,1623.0733971381574
a457949a5fb2,89.76666755936797,none,1683.6416097401222
a47c2ce5fa69,108.4490736199902,weak,1600.625789106678
a4afb1f6044c,113.75648295204608,weak,1612.4282066102553
a540580c4b6b,130.59660630177007,strong,1709.8952259634866
a5911603a207,139.24656569250087,weak,1697.7194255753243
a5a1b9b9f58c,80.87971343378744,strong,1670.3898021102912
a5a3c49d172f,115.35894073978872,none,1652.3621661192171
a6a075b8fcad,83.01979192804234,none,1674.1902852102346
a6af6d6e6ae5,106.19028680117631,weak,1620.4985665156548
a6d5a4e16d1a,100.85793988466448,strong,1619.9582396331573
a6f4820191cb,113.34335988711034,none,1610.6283217877294
a77d01206d15,89.38457290070552,strong,1667.4838906298562
a790f1d0cc93,96.41321733666864,none,1625.8753051054528
a7c79928f134,139.93881910618802,none,1623.7344222186523
a7dc0fd3a72a,125.64523679438324,strong,1603.0188040310177
a818c0238b26,80.3793452082561,weak,1630.3304793677748
a8201e6d1e84,122.91823017017867,none,1647.40842196668
a84bc5a44481,93.79397492331816,none,1609.609405871497
a86437aaf872,132.06178843807257,weak,1617.1639880844689
a899ef07acbc,130.1888675088357,weak,1603.5209008219574
a89eecdb1b11,79.09664827339778,weak,1616.9834443838602
a8e7d12f1103,119.0466639954646,strong,1715.287963931032
a8fc46b34e68,99.3717469276246,strong,1667.017625814328
a975bddb8244,102.91575396891815,strong,1626.612313049557
a9a64930040b,112.26486547235372,strong,1631.4663796566383
a9b730df58a4,77.63437589316047,none,1617.4138508178935
a9ce9f8c0c7e,130.19508572044847,none,1698.004354556346
a9d550f189d3,132.56232458152354,weak,1632.9143190319212
a9dcb18f4a67,121.50855330093412,strong,1641.070623459476
a9ddb6988177,117.36103820660998,strong,1705.039461014762
aa0aae79e14a,79.58063180225109,none,1631.2143449867813
aa3b20cd4431,95.33179892555944,none,1687.0435947591145
aa4613a25784,83.2804733454591,weak,1670.6913947152934
aab012391dc8,115.32505319306304,none,1616.669444313682
aafd6aed90ce,129.1954097175923,strong,1654.065096701453
ab0cfb456a3d,108.50885249953312,strong,1611.1562116913074
ab56d8f52443,133.2053103459255,strong,1719.6145689256766
ab616e204fe8,106.55891949389992,strong,1672.9418858268689
ab645dce22b6,89.26786267645087,none,1658.2765625186078
ac096fa42922,87.56896718322503,weak,1644.7727205971523
ac1ab7ff7ca1,78.56325115064348,strong,1647.9935111605705
ac24157228ef,117.41283779235236,weak,1600.80474065627
ac283d68fb34,102.57151648910222,strong,1647.5513550587384
ac3138d79277,101.19614375186464,none,1628.2450414242376
ac3877a0dada,127.01372998808606,strong,1687.686723719224
ac43d833401f,97.27619834232824,strong,1655.2832346963437
ac4e85f52d89,82.98798664332561,none,1654.1926782974178
ac6fdeb68d75,97.1044243823546,none,1603.0695255056169
ac75fdd55155,120.42345276652708,weak,1680.2277390528752
ac784273b9ac,82.20077329897107,strong,1670.544412940705
ac9586efc8da,123.76678610004258,none,1706.2223815946654
acf46bb2d3c2,119.21613902619832,weak,1673.392500805079
acfe9ede44ef,96.27058795155304,weak,1626.9208645187475
ad0d89c5727c,112.93388631806307,none,1709.5092423724102
ad1a221b3af3,95.129175440759,strong,1661.5532363988
ad3e210ccd50,106.15577803013178,weak,1680.9349213001767
ad4af7ea7844,131.05315727085411,none,1723.6475940677983
ad5545696a36,111.69249672275996,none,1638.7585786089862
ad697be668bc,133.43218390672047,strong,1616.6784174860145
ad830dcc9f45,96.3140596585024,none,1654.856947550003
ada0a35e719d,113.76746691337414,strong,1702.787391518676
adaa80042be2,133.07890644449742,weak,1647.9390034239289
adb890fed608,130.3462708804666,none,1615.093278481459
adc180495b72,111.10738632115374,weak,1670.4844032720032
ade00f56cd67,89.61655061335459,strong,1657.7049706152995
ae0ff072ca3d,115.7203339403239,strong,1630.59075341578
ae478dae7014,123.44969542986664,weak,1715.952888331424
ae48d5d58d10,84.67549221838655,strong,1679.3135566304982
ae55c8652696,137.932808278212,strong,1631.532248392282
ae7d172aaddb,101.65142370252929,weak,1666.4147554315962
ae8eadba9569,134.88945538255436,strong,1679.883620193547
aea0669c80fb,124.25198059776008,weak,1645.9479637108727
aea93a5bc201,78.97536204212028,weak,1646.9638327709283
aebee34059ab,80.0373680329252,none,1668.133353515912
aecae0b3a6b1,108.06272029297736,weak,1672.4268274024932
aece3afc687c,120.94997823129864,strong,1699.6824329993033
aee5a029bcbd,93.94106066257308,strong,1669.425467317776
af07f568e67a,122.12406193026098,weak,1654.9924111173043
af12857ce49e,96.03587600654944,none,1660.4047505760088
af1c758dd121,118.04395799199948,none,1682.4912280572516
af24f5c2db76,108.72045521391917,none,1621.9133537111848
af2530fb4345,88.87710655214251,strong,1602.2510308629282
af301b999cd6,105.67874912361891,strong,1615.223197709475
af36b40d0396,94.02173228383133,none,1625.9249757063958
af81fb6fbede,90.92612109697892,none,1639.604349715238
af87322f0771,91.08218917621276,strong,1675.610560819824
af9eade2cfc9,81.73889793347392,weak,1676.8554170469963
afe82db27efa,117.66083979141776,strong,1702.280198776416
b007dea0f36d,106.5235427735308,strong,1684.7140066726508
b033fba2ce28,126.25023193127352,strong,1726.082017484347
b0803355dd18,135.81773239235542,weak,1695.0287763450078
b0a1e35d3647,123.54632808746092,weak,1612.2273588778205
b0eaa924b42a,136.49977176247796,weak,1649.7277418490853
b100016ca3e4,79.06139806418466,strong,1610.3124018713793
b1216e33d8fe,85.89664698841821,none,1676.104213034479
b156de8fc560,126.89352398609324,weak,1704.6675452191264
b16296963488,83.95323700976532,weak,1614.7946832011446
b165a694b5a5,99.8761703675798,strong,1673.1500790203386
b175bd5efbc6,133.19788742619292,strong,1681.3880096237624
b17764a50ac4,118.19827064814736,weak,1665.594797952804
b18149e4f749,83.11683485414228,none,1613.359399270233
b190f868c29a,89.35736291330531,strong,1600.1740736054014
b19443120710,93.84578528894076,weak,1651.257885717935
b1a04271a952,135.67226049998283,none,1708.5625764388385
b1a2a370ce20,136.2442398896536,weak,1611.7762469541274
b1f3e4094bac,84.26121337456296,none,1669.506903957565
b20f6421b63b,77.99219332833485,strong,1604.008634131599
b21fbb6d7e0a,130.93393125004232,strong,1618.1031811617063
b258ea09f32c,92.21795180437488,weak,1659.4006225837727
b25e9524f20d,96.8774979610986,strong,1637.184164128173
b266470ed108,99.99378400921216,weak,1666.466022268271
b2812441342b,84.96928150202599,none,1679.6395245018257
b2822cb2e947,137.85763743118892,weak,1620.0263527011268
b2a38677f47c,83.55502802753988,none,1627.5915745462466
b2cf44593317,94.86085959415044,weak,1656.0317800531786
b2d919c597c1,123.42778904573431,weak,1653.7118681260306
b2e2636a93c0,138.63164846169744,strong,1628.3460245280066
b2e6aafb31fb,129.01786137120666,weak,1703.799894255147
b32ace4c07f6,132.02142278031042,strong,1720.9222874634129
b32f77d41784,130.8750858792856,none,1645.5107510187854
b360cde42907,130.93677128154988,strong,1724.946063309343
b37520396c39,139.31407700794793,weak,1731.2860318616329
b389bbee49a0,118.00794126819832,weak,1694.7242700331333
b3bb967add5b,75.37229060700886,weak,1657.939836847523
b3f3c1a0f1dc,94.70481152480728,weak,1610.9823688252925
b3f44f717b97,85.10541684093461,weak,1613.9447273211936
b3fdea8ccf9c,80.51191997603804,weak,1667.7516943572882
b45d77fa209c,134.6159052575354,none,1684.669816990027
b464d81d7136,99.4587093484448,none,1663.5950163798216
b46902594b10,82.76917439588038,strong,1620.7830711384509
b48c8591e445,78.26696183873126,weak,1648.878494174577
b4d93a2d331b,138.2227730744828,none,1652.2097496144936
b4dc56444a05,85.45877563195008,weak,1626.6420792894803
b5154b9bdc3b,78.68602879419154,none,1669.324257836288
b549c4ebbdc1,105.0289975969952,weak,1691.8871360023204
b55f839e9256,122.75136898004854,weak,1601.0987540175622
b577a24a043c,137.51110286716374,none,1707.9773330123533
b586e5acb813,126.15287853426864,none,1725.1277763228209
b5898cb50d80,115.87641263775193,strong,1705.0887753956931
b59be28c37b7,128.3798471948798,none,1720.7043966650826
b5a3ba81c459,119.64940421519644,strong,1633.2905753155285
b5b01b4b336c,106.827894547981,strong,1628.685606563083
b5ba0726def9,91.02740945478652,none,1630.8644346986152
b5ef25955a04,76.65321803289503,none,1663.666665174352
b625369de2eb,122.05906632784712,weak,1633.010346235619
b679e7bbe7e1,122.0655250378322,strong,1649.008591500766
b68c803f0263,96.8341054740784,none,1653.4340764209137
b6acacb3d8bf,80.20190292549714,none,1601.0465363208066
b6be1e5d86b0,82.32660446198655,none,1627.2361539260994
b6bf28c2a1ef,79.88205501790725,none,1620.2769382343506
b6de8fcd432a,139.3976082235448,weak,1694.053983526393
b6f3cd586733,132.91075422976576,strong,1719.6991888300704
b72a5f0013a4,98.10189550652828,none,1641.478461185988
b74f95c9729c,113.09918191214062,weak,1693.6416688097704
b7584cb0ba1b,84.58511707803636,weak,1616.7693847433427
b78be85af433,114.3641719907537,strong,1681.2118359747933
b792fc3960c3,84.80122124594396,none,1630.5412324420167
b7a9f6b06714,133.55328067218323,strong,1710.4465077361374
b7aa3cff592c,81.22255977257103,weak,1620.3744834162712
b7db2f26151d,91.91989434395228,none,1616.2570478828345
b7ec7b989755,92.57542489381711,weak,1658.2961880776982
b7fad6d4843d,134.49871081494192,weak,1639.223899388719
b8041e107176,92.48802778218526,strong,1622.1662021733391
b80f14da45e4,86.25271830063025,strong,1672.8061572730346
b8a39b1e1664,118.18511415194624,strong,1693.833613731663
b8a58eca5782,122.63369910342864,none,1611.069642414045
b8ce1c342ae4,136.43166177276,weak,1617.0362423478336
b8d0e2efc812,117.69245589400364,none,1635.4217280690314
b9071baf28cc,131.06256687445986,weak,1702.6368663147327
b90b0633299e,112.26662664472286,none,1674.4379414718658
b921c53a1125,130.32721143215443,weak,1657.3059657846911
b923284bf765,100.49305421384844,none,1658.4524096496275
b988bcdb9bf2,92.52661447310044,none,1645.9315531740358
b9936ed4143e,130.3395197051971,strong,1699.6122978521037
b9954e9dfcae,139.39121990883822,none,1610.1147240115347
b9afce671b7c,104.576136404906,none,1605.4820406050776
b9d8277e0d7c,93.62866983025124,none,1651.8080205722304
b9e40849130f,119.3893616039607,none,1691.234630373414
ba0a1de35149,121.86323146764852,none,1614.4244474269026
ba2696a0bae9,120.68463866150312,weak,1619.1860964705213
ba4eadaaf22b,125.08340879975422,none,1655.9835198627595
ba5188ef6bdf,108.7390276638579,weak,1600.3968979882757
ba844008c7e5,99.26989645084538,weak,1623.9876554635682
ba90132733b3,131.40765741655775,weak,1599.9376176264504
baa9fd85032f,129.37416674186167,strong,1698.441442962877
bacc0c290ae6,109.13229951868348,strong,1619.1989402112386
bae48d90bb6b,77.53515606285285,strong,1614.0423949950805
baf365a4aebd,132.57664684217613,weak,1734.3914146056156
bb309fe4d41b,86.09188211154918,strong,1648.5299829904393
bb45230ed2f7,106.82328660684068,strong,1612.0630986777933
bb5dfa0def57,97.4939935423111,none,1660.784904129035
bb6f9cd99f60,90.73652224619912,weak,1668.170307027737
bb85312d7d2d,131.25322018334555,weak,1667.7383024268504
bbab04e70c2c,81.95808639881933,strong,1627.0952993810463
bbe01228b63d,99.26816211164856,none,1672.5136423805986
bbe487dc56aa,113.43545234465796,weak,1636.565863778062
bc00afedcd43,96.44039841335692,none,1646.3482003847316
bc06735f1ee5,123.64155158836476,none,1656.8560228494048
bc2f89f527a1,92.06280849782472,strong,1662.643942111711
bc3adcb38480,132.01456638258793,strong,1688.4222547749246
bc819e19b435,93.83945684254871,none,1683.9851092785843
bc953785782e,100.77575159153768,strong,1652.988541937125
bcb1ba3ff871,123.07696206568444,strong,1628.724004677582
bccf52fbd960,77.69512568997574,strong,1663.5934008566
bcd349e418fa,127.82178104594092,none,1712.3941211156468
bcf8741b1f4e,94.74937977821688,strong,1624.859758990115
bd582817e7a8,120.39769628804936,none,1685.472607427888
bd78b43f3ada,90.07985857616607,weak,1612.3795496835348
bda383776f65,128.61490208105317,strong,1657.641927901265
bdac048d2467,92.39709248150808,strong,1654.7311358900429
bdd2b5477495,124.81276791698733,strong,1709.968353597958
bdd357d54063,99.97292057011104,weak,1604.040824942884
bde993e88132,132.11490750859747,none,1697.1461237492242
be5972c48786,124.08674576842772,none,1688.1038902358864
be66add64f1e,90.7481225934666,strong,1622.9160610181657
be8e74d823ee,114.62015055876948,strong,1688.2339430068432
beaa216649a5,132.22159000875385,none,1689.8654332072872
beca8d1a48cd,91.94461758683842,strong,1636.7364515782258
bed0c478cfd8,97.7242738439787,weak,1660.692957512943
bee32e67664e,120.90914196536356,strong,1612.4878074069093
bef49e0117e4,132.11685916521958,strong,1602.6040807156537
bef94d6c8464,126.85257152443047,weak,1665.6098606918142
bf0cb92b73b0,86.56696522783572,none,1662.0903668833082
bf1c567d2624,95.10896703616858,weak,1686.4940255555418
bf1e26fa3542,117.69691471803765,weak,1654.8284894084063
bfa3daccd98b,95.72277747569412,strong,1658.472065221493
bfd3427494fd,100.68970929822542,strong,1668.8050276595611
bfd4a39c99d5,139.31638036313285,weak,1742.2621599299996
bff78e96c0a0,95.85319457195324,strong,1602.5253872313344
c03cc768c670,128.3748320432445,strong,1660.6354164592071
c05e193ae12d,100.68858921025767,weak,1642.0216186810417
c06e97dafb5e,127.07611260290984,weak,1716.492813132004
c078c1f5a14c,124.42800087202274,weak,1655.269377713871
c082c998ca42,120.3136604825212,none,1632.0572825227744
c08c7b49fc52,79.56256694408702,strong,1604.1027024844557
c0b3d08ac916,101.09359996307953,weak,1644.1285124325082
c0d0617b83e4,100.6151670450894,weak,1638.936944075337
c0e2dbe86589,123.42224104062538,strong,1676.8940255612044
c126486e7c77,75.44084891770605,strong,1645.3810952597996
c1447801dcd9,108.87579838670456,none,1637.1359416589166
c16bae9815d9,126.83478139881169,none,1605.192457495719
c193a79a865b,86.9367606423195,strong,1671.658642146309
c19c0d3c7354,125.51252758845683,none,1705.7918454752607
c1f3ebd493e2,138.96299306973864,weak,1679.8954494546251
c2063069abdb,92.5008794787704,none,1608.0014457944849
c233ce135a0a,137.5312361266482,strong,1650.9797439069316
c265f815fdf6,122.43895831346568,none,1630.6730638199738
c296a5060203,139.47988221877816,none,1714.497416051392
c2a72c08860c,135.8025685616815,weak,1690.28529453194
c2b1c10bf724,99.73800962753528,none,1613.8102186968754
c2dd658c9e4e,106.54489592574576,weak,1625.7071437493953
c2de1c86fd27,120.18413201016168,strong,1608.0475339938096
c367cb9fb0f2,96.96051071222396,weak,1675.4316152163194
c3892ed3efe0,77.29464407769385,none,1625.0467538350724
c3bb6b8267ef,139.1082107923788,strong,1663.9657900025054
c3c9f64071b3,96.60455072466397,weak,1651.7783152972409
c3eb26dfdfb4,108.34062277692522,weak,1674.9431407508373
c41a71b04a74,84.5091468793237,weak,1627.5384884191358
c41abdb59db8,87.45761328323863,strong,1672.9638154042293
c439b4aa035e,99.48046308938775,none,1689.9676499961656
c440c23b1abf,79.32774841031998,none,1627.1913852999178
c45cee1b3b4b,111.05652240854084,weak,1631.904737611999
c4684c6ecc85,101.4144637587396,weak,1659.5324122808074
c47521707420,86.95072417655157,strong,1678.7092189233128
c4c316a38af1,99.58172137140338,none,1625.239960139431
c4f3f67462fd,97.50846086578451,strong,1644.3622222543684
c51ffcce093a,119.2982847614439,weak,1709.130395629065
c543838b61e7,83.42096103180738,none,1655.7825657667531
c54abbabf374,127.4297055268893,none,1724.3532166492828
c550eea065a7,94.07148187327464,weak,1688.558341232486
c55ebdff62be,81.01371434576531,weak,1673.4301307077865
c59478c6ae57,120.97550009159862,none,1684.2749880901413
c5a5b07d56c8,95.5575370474233,weak,1666.52491063573
c5a6ff0aa0f8,108.55047718821136,none,1675.7808757562448
c5b2541847e0,91.48698415435972,strong,1622.8364083557865
c5f76aaf8f5e,88.66021028587747,strong,1630.2419125691554
c5fbe736fbe2,92.77943703283636,strong,1670.8106811130178
c61a7d992121,97.69422448884478,weak,1600.0205441207404
c643ab78086a,138.85477890603437,strong,1702.0608683180942
c64e5baf5d94,121.47635155628748,weak,1601.1677966071752
c657d46c921b,128.59839696040024,weak,1656.94181614447
c66338e5011d,129.92983085684594,none,1641.0324906324024
c66e576dbc4c,100.1867779866741,none,1639.1938061200926
c6787f2b2658,116.19361265352212,strong,1666.9237500421991
c6856df0d3cf,116.44611976208876,weak,1693.83329097741
c68c30c0d7b2,120.09007877508076,weak,1666.3207858142532
c6b25a85297f,109.88316606372554,strong,1613.18801193765
c6be40cdebd8,78.25565687609753,strong,1634.5217173082908
c7202a9161ab,134.83717642476347,none,1666.793194576159
c72c83eea354,136.62806399170296,none,1670.2151356460467
c73233ebb6eb,78.23834477387373,strong,1626.5732948259429
c733a16d8b13,89.51520599424147,strong,1616.3661229823897
c73612aaba5a,88.9752624281322,none,1599.0800188209994
c73cb8cd10bd,121.610583778273,none,1612.2434470758512
c773a428abaa,76.19184896519829,none,1657.048688549387
c77404bd8589,122.30973425387764,none,1688.745198036831
c7a702dcead6,104.12468669171147,none,1622.1294642522346
c7abfe2fa321,121.71329172052243,weak,1656.005508534976
c7b62fd2818d,76.13998207980063,weak,1643.9530990869075
c7f7eda634ef,119.230041706927,none,1708.1699259493157
c82f00759e70,76.13687659214814,weak,1610.704130614277
c8383458b04d,123.796939524952,none,1619.7116421303226
c83d32b27f4f,96.26593351562262,none,1637.6172364146796
c840d9f0aaa7,108.19989698311346,weak,1658.9393738825916
c84198b3f38d,96.9761004586912,weak,1681.5719174536457
c84fd043681d,82.06222794760272,weak,1681.2208410267258
c8a8001e6a65,132.3703467936247,none,1697.470843872928
c8abd42a4c5b,125.8028038618082,strong,1604.9192715901845
c8bae1fdf8d9,95.67330494214777,none,1612.6236987655498
c8c1ddb89916,131.42490896039925,strong,1725.038332335817
c8cbd4141de2,108.03788464922717,strong,1643.2049498413242
c8db4cc80fc3,99.39931110626516,none,1680.4458017539785
c8e7f775ff09,116.67989218963798,none,1611.078795010957
c912d00d4386,120.68472776329136,none,1689.8568402432056
c939d3991755,83.69187727450398,none,1632.8126183429897
c96f2a74da91,85.07492365560647,strong,1648.4439953536544
c99604303c96,79.44925514621005,weak,1617.7893007314492
c9a11942ab60,102.3409051831454,none,1698.5907804273647
c9a1669e5783,116.65535933846137,strong,1635.0435221062826
ca6135cec0e1,122.65417488770392,weak,1600.8153277269728
ca722d2b0959,138.19443649613171,weak,1666.011832775505
ca9f4ddc13cb,108.97138388441796,weak,1686.670671141237
caa65d4e12fe,129.294738480652,strong,1614.600832999941
cacb332d83ef,101.30615126751692,strong,1639.0863312233428
cad389e95c7b,121.46690061732797,strong,1685.6340765649002
cae7d0695d15,107.01814739470998,strong,1697.0022799690023
caeba9b17043,128.10243525830307,none,1658.5847054089318
caf00ef673e8,114.43701717954907,strong,1629.0543469888505
cb066660c995,128.97599324544709,weak,1624.7301972312698
cb0b721f3c1b,105.35279253213416,strong,1619.3974711635888
cb3152c5d80e,121.59440565045732,strong,1606.6199946491513
cb3206d9e5b9,138.69141800194345,weak,1624.0229726543964
cb768692b4a7,122.44930118513422,none,1608.6913176451826
cb875657f9ee,126.4028969200844,none,1607.0944517410885
cb95f6b4aa2d,131.99907135360368,strong,1628.0755109100955
cbab89d26d41,133.78619541842363,weak,1663.1085452611835
cbb32e31f47f,82.43321412693726,none,1643.100850874152
cbcdff156b8a,130.2676412251927,strong,1709.102264584972
cbe10bf0428d,87.85973700307962,none,1644.5542051881496
cbe6a347ae29,84.00785134767939,weak,1620.9651963183278
cc1a6cc8ce6a,102.22873730935704,none,1646.1232966788473
cc2be6761881,121.3573932637268,weak,1715.741336453371
cc3abe8ed6c1,130.443000333457,weak,1674.8324829684705
cc4eaba6bba0,114.49360348350532,strong,1621.2085632924116
cc586678d7d1,131.95422252710262,none,1692.7292399228531
cc99d9e97945,98.68070167922872,strong,1680.4337229323987
cc9eae1d3509,112.74243615043346,none,1700.615936337371
cca8173cc1a5,123.02008322049146,none,1675.3873769690329
ccc73479bfc9,99.23679978673816,none,1698.1235219246405
cd015693633d,110.0936549845064,strong,1689.1599985004589
cd2278b07c39,87.82336703906353,none,1672.333084581091
cd3f047f3660,104.77333500499292,weak,1648.7955653895433
cd54ffe7d4a4,110.977327884842,none,1707.7475744979872
cdc0fa4d301b,123.37899659431469,none,1688.8325520449562
cdcc637ce313,118.42293963309668,strong,1707.49544493197
cddff01880ff,123.76864734554822,none,1614.6433063603024
cdf2cc7b9a11,118.48598994837836,weak,1635.006550746631
ce2f5d848be8,105.53816800995754,weak,1680.932701146926
ce5d3c9ef63e,76.71939497066288,none,1617.3950581333154
ce799111a11c,136.8332259030876,none,1674.0260377421546
ce7ff4b8b266,124.16894658009738,none,1658.9823338674253
ceabd435dc4d,125.7867360909552,weak,1667.2567286434482
cec9520f6f0f,90.56679882431992,none,1608.2144606512873
cee00f102ea1,86.98896675902763,none,1618.6548867110844
cef9020ff32f,86.66632809275174,strong,1601.1599523402128
cef9119a9aa2,131.75789650647968,weak,1705.8125136679248
cf0d76a0804b,131.32625029760612,none,1629.079535149185
cf28b3a0d7ee,108.87696447363945,none,1672.457501611411
cf2ffba39574,136.53344029360096,strong,1686.0525320526128
cf5c3f4d147e,98.48216383592025,none,1673.2146074186885
cf66f2f0b8bc,93.1144186322974,none,1613.754561191599
cf72dcab2ed8,127.78935876148267,none,1669.3473981920188
cf73d035a65f,107.73985108298638,none,1645.9849146371346
cf7df754d543,79.75923479283321,none,1659.4339567424695
cf7f0fbf69b4,131.37277019220315,none,1623.6992025793588
cf929468e246,84.22213300751191,strong,1646.387164435356
cf98ef71c6dc,132.21081583920162,weak,1675.944697253783
cfb375fd4796,83.73853443152382,weak,1623.623956158756
cfb3b23602c5,118.99684262923932,strong,1651.276035062735
cfc1a2badfe8,79.92072273041106,weak,1601.7193666601822
cfcee1d3779e,123.92758886385536,none,1663.8687685626537
cff548e54547,95.23734439839173,none,1620.515500962319
cffa729a9fcd,100.19435214280008,weak,1661.2973771381096
d02aa46d1aa5,121.17839963988835,strong,1608.8286661780924
d0c29833e0c6,112.3356586367574,none,1599.835605309083
d0d073e400d3,129.4338475151087,weak,1652.9644773513476
d0ed4ad45d2a,139.56565676398958,weak,1713.339495641122
d0ed8c9bda05,99.28459617557203,strong,1663.8023330590493
d12243a9dc40,113.37521140926536,none,1660.7438593055754
d1600f849847,126.86172084987388,weak,1725.1934301554804
d17787e09e4c,81.76109511353852,strong,1660.2555317057431
d18936d4dda0,105.51962594780672,none,1694.3799723874104
d189c7f78d7c,85.18348913620186,none,1608.0715051363927
d19bd70fea9e,79.79509971275343,weak,1614.2964161988075
d1e99a89aa5e,127.39254457203708,none,1614.3176417101015
d20b68749d4f,134.7624490846536,strong,1705.8565681586983
d22dcee2b599,76.23604245896172,strong,1645.151758129073
d22e2ce9601d,91.5665231975181,none,1654.685440030891
d231e3f52a0d,85.78580961022452,none,1625.7265970979931
d24060006174,118.587553885388,strong,1704.0207205797012
d287d0fa0ce4,87.18771673313783,none,1627.4844256481758
d29c83165f0e,130.0304049090062,none,1662.7121124927448
d2b8da1939ee,111.91092319077904,none,1627.4622045293158
d2de25162586,112.92730657758088,strong,1643.462586498214
d3104cabeab0,137.44872653860358,none,1732.5246198097047
d33825293bc4,105.23043367274651,strong,1642.0429337136522
d33e966bcb45,118.31151098619353,strong,1602.1291902169785
d354c7c81743,101.96905417189323,weak,1699.3159646068518
d36049ce9da3,115.42404053597444,weak,1675.980796013654
d362b0904801,102.9497960235756,none,1635.1692812383942
d37d75c8e8aa,102.10109447974558,strong,1607.591964817355
d392c6d018f5,76.45001665230546,strong,1630.4266179184126
d3ab184b2713,80.4293674157545,weak,1668.9510225384945
d3d1cbacc57e,88.571919380845,strong,1606.335715681981
d424d18bceba,124.20058222452862,strong,1652.1463908017297
d443a449d188,118.281093728662,strong,1675.4872629548972
d44b4adec433,134.4811585334164,none,1630.4979452386278
d4c5e728d19d,108.9118067924334,none,1670.8362473674777
d4f21405c2f0,120.05916757072607,weak,1660.3515908067386
d4f62b2a9cc6,83.86893077592124,strong,1619.6119805434885
d4f87a613521,127.45797355021536,none,1691.6741105772944
d507549dd50f,77.98253351772665,none,1636.3683104242052
d5331363bffd,75.98189244560328,weak,1665.317625413655
d57a27947e26,101.18844157742892,weak,1615.128745480765
d585901b38a7,82.30637319701763,none,1636.804734702242
d5bb17107d09,88.23617813023408,strong,1674.272001203209
d5ddbdddc5f1,111.85026886997122,weak,1696.6212515892523
d5ed9837ffb8,116.83929553652456,none,1710.9282774294977
d5f2f69df0cb,122.50246888116682,none,1608.523988844231
d619faeb1e21,101.52620724724572,weak,1684.3346315916658
d6328b848000,87.11812659635345,weak,1672.5488095309472
d657776a2767,90.38256731360504,weak,1629.2498861045174
d692459c9c9e,90.53069044068612,weak,1651.4906603009922
d6975cdd2b44,82.18070706477862,strong,1644.632360501833
d6aa8e879922,108.76846329206084,none,1697.7929953711948
d7003257dc02,93.09296675735672,weak,1683.225481806789
d721ddfb5630,105.13508238129694,weak,1657.640447723957
d72c11c700bd,97.63396862385022,none,1673.9161674106242
d73c6191972d,85.12459992362051,none,1639.4105086312622
d76969d1ee74,101.71209334021344,none,1651.1897527532558
d77047cb85cc,115.7308588343574,strong,1674.5317410339876
d77c82413d34,96.10628253544432,strong,1654.2100631399092
d78eb0815db8,82.95590139342654,strong,1610.7005355796327
d79bfe4c3c3c,110.2242351710835,weak,1671.901647474036
d7e31331b914,79.11789271646981,strong,1602.2635329654138
d7fab28dc51a,118.67016245813667,weak,1647.3715341945108
d80eae381803,125.41072057129136,weak,1664.1841171484857
d81d13cae375,110.54077417601016,weak,1647.0621698449886
d82b3051736c,90.25469218142084,strong,1631.429589255366
d840455132c5,136.72477608259086,strong,1727.6738021391348
d85dfe1aa5ad,129.04515521343555,strong,1716.426558197728
d895fedc8658,86.94304268827558,none,1637.152528532023
d89ff9e28a5e,135.9459639578824,strong,1689.557610656603
d8a0968399ff,96.66267455432902,none,1626.3785452653422
d8ffa965b1f2,125.30851982073824,strong,1661.6109244229276
d9101078a0e6,87.75677079336695,weak,1601.1204052746168
d92259349bc9,95.21022015879645,none,1653.40028428553
d9449b0db3ec,96.70918545754716,weak,1672.8162998571931
d9456d9c8750,124.446896408312,weak,1662.2987550496885
d9575c3870bc,77.84527669060225,strong,1652.818300374544
d95ed8192e17,78.705035610306,strong,1632.3190868011477
d963a8b5020a,115.59800357441006,weak,1653.942399667582
d96e70f978a7,93.39193641105238,none,1669.1361671786249
d9998401b3cf,80.85266579119605,weak,1681.6466402573153
d9c7f6d1ac94,93.06406113730034,none,1626.8434027951876
da10a451102c,104.0002535516438,strong,1661.1623366787755
daa4677db70f,126.79574635833114,weak,1639.549812454206
dad13a56d59e,89.86954301690479,strong,1599.7016338734866
daddad3430e4,78.22524818980375,strong,1606.8361506827025
daeaefec7fff,120.24888125954575,weak,1694.296203892287
db307362bf45,136.2602249295778,strong,1599.7727414142814
db3a98013aa0,131.7734341944695,none,1700.7779976697598
db47517a400b,110.75371595373518,none,1683.2830527989277
db665a4e8d60,133.7875908276823,weak,1676.820104358405
db932976341e,125.73626937671312,weak,1640.4260570706806
dba4b4e83094,85.79072494806911,none,1662.466523176324
dbaad3f8e1f8,107.55308864157652,strong,1650.2896338479832
dbb678fecd1c,116.31882007953838,none,1608.3525991931683
dbbf1cc27d00,113.6269009412873,strong,1676.8410963675087
dbc81763678d,105.5211544648946,none,1671.7916470678624
dbfe59955e9d,91.68415373764684,weak,1644.061027437995
dc5124a17071,109.53609611604676,weak,1643.7773878740436
dc96a8fe03e3,119.66969699358022,weak,1653.8084838712473
dc9b3caa52c4,76.07718170162592,strong,1620.808747322228
dcdf45abee94,129.87295469642336,strong,1625.8433297522986
dd0bad52784c,113.107794709458,strong,1599.1557141524654
dd28b3d77fa6,108.59069304381606,strong,1672.3629695143138
dd35ea7e867e,109.49890518385872,strong,1656.444246140165
dd534ff236e7,130.93091922974537,none,1601.630425155224
ddb522f2cc79,92.2776722370415,weak,1663.3078365001295
ddcb9b1b031e,103.43386325174068,weak,1608.0807548089206
ddd819a659d3,109.8547815952614,weak,1612.772429451452
dde9f87efc40,122.18844353067368,strong,1673.2171067996371
ddf0877bf7d2,120.4014767632172,none,1611.7708212767225
de2294466253,109.81276576434526,weak,1706.27567827772
de2f69435432,123.13545514045492,weak,1617.224871425259
de478072fc33,95.6909006325686,weak,1679.716609733735
de7b48d2a3d9,86.50862554835373,none,1648.066310145682
ded32067089c,126.92681804817283,weak,1646.6126535822325
deecd9317388,109.48753410661578,strong,1619.7068844320531
defd09a2eb70,134.7764387143445,strong,1637.3325317505469
df1421f96391,107.83551290736568,weak,1604.8044307859548
df31c3e68e77,76.81561576025011,none,1620.3715010266924
df4088a7b1b2,128.46060283261343,weak,1723.652629875106
df677fd51735,87.12708258905644,none,1636.6981282026
df989136deb5,124.5788406675278,strong,1617.6415366362612
dfd2f43129d2,126.29956422823206,strong,1656.279928560426
dfdda2191b0a,113.88196436846884,none,1671.2468754032625
e006d31cb273,129.88080756674705,none,1613.9189372065632
e0211cf714b5,85.46557839973215,weak,1644.840171834445
e022a18986d7,139.63189917051932,strong,1642.5563159127737
e02578a4d534,91.90458798646998,strong,1666.3127692613675
e0297db59c4a,97.15403875756348,weak,1661.3981287570866
e030f9dad747,123.7507917553394,weak,1721.5930986365445
e04a995efdb0,127.99165806967795,none,1616.581985722834
e05db5f20b65,112.69439398523512,weak,1603.76948596395
e0a580a328b3,98.60325178577284,none,1627.368973155262
e0cb71b73ae8,97.3736933547417,none,1625.3238072017011
e0ecc8002a41,78.71469497338566,weak,1605.4746575517
e119a024ea2a,96.95427717476468,strong,1640.0153370438238
e1337f343c0d,122.8683963153926,weak,1716.1069499873754
e140a2e3d889,88.308012147872,none,1626.554972207124
e1629229f463,120.23943719630246,strong,1655.397081779368
e18304eeb104,75.66722920572695,strong,1673.8894094072464
e1b1706f8e08,134.54684742263322,weak,1643.7856788855902
e1c0368b3a19,117.28056243302017,strong,1634.2687796370103
e1d952d99e28,118.4647078432303,strong,1639.4683209806926
e21d4f9b735d,119.02712454490415,weak,1706.779875949508
e230acf4ad58,125.19099599774232,strong,1648.967466338329
e24adc47e69f,84.43822242929882,weak,1635.3652304021402
e254fafc598b,84.08814701668,none,1610.4287132830057
e257a302d08e,123.74449580147314,weak,1676.0834684179215
e2616a26d01e,102.47423347769258,weak,1670.959142027786
e2a8e85e4dff,139.81402344061524,strong,1623.658900348406
e2b23d163383,106.91083006220416,none,1610.590786485979
e2b9507c6fe5,120.32131267205013,strong,1628.0064412223387
e2f81567d6b1,118.00642260135233,strong,1668.0967902057853
e327b7c0b64c,115.11828103933595,weak,1714.4057838703368
e33d637ae717,125.35417387235611,weak,1692.671388714762
e346a193e502,108.35712258384856,weak,1687.9094674266744
e369a89255c7,100.58387335576283,strong,1662.6611143230314
e36ee15084e2,87.82061960401285,weak,1637.9143735484984
e380418dab36,79.29438156419423,strong,1647.2948578623796
e39cce2f7e26,114.75475261518322,none,1672.5807939352935
e3b9542509b1,88.21399960850685,weak,1654.943362327067
e44565a195fc,124.74598660409136,strong,1642.458624047219
e4a4f0874a0d,76.6250977706525,strong,1675.310615655358
e4a8b446fcc3,92.22267877484391,weak,1683.52405217424
e4b83488ab08,124.6432251534954,weak,1689.539041558163
e4e43732d737,108.8204594256934,strong,1706.8028685366262
e503a4c446c8,77.85623051748992,none,1644.3422885860691
e5295e67545b,101.96592936110808,weak,1672.4207037394233
e5341b311a3c,79.33658856315091,strong,1620.9036693458415
e53436bbfa55,100.42185709319824,weak,1682.964033061506
e54313eed864,126.54653777637222,none,1689.2584844622502
e5621f51fe4d,86.9407288663162,none,1680.7920445389134
e5694c804ea9,108.70830686193204,strong,1650.5895096925904
e5867d6879aa,108.87923987985955,strong,1665.0046767399112
e58c9cf21fbe,104.2667440536903,strong,1671.7369526691366
e5a4411892f2,101.81954571670803,strong,1679.4705534828722
e64a3ed89b31,94.52730529613956,none,1693.0351254693833
e6522b0189f1,96.959848203286,weak,1689.6725788020265
e68e2a8915d5,94.03994150724444,none,1627.0887058800574
e68f3429a265,88.86867876884787,weak,1639.6077180869638
e6ac31c0e625,134.764630348798,none,1687.7488273995534
e6bef75a23f4,127.274043984506,strong,1676.7411720530445
e6c1efc0ab33,128.62701688583667,strong,1632.4256732352032
e6c2a0dc69db,80.70630190917515,weak,1622.411034339737
e6c2cd7ab4ca,96.01682226841493,strong,1620.5318481650688
e6de2f5f1274,92.14815201839444,weak,1615.983429529793
e6f2e515950d,133.93238155366194,none,1618.7857464848066
e73535e719db,98.575532521627,strong,1688.0643968722657
e7713e86ccac,127.22832544347132,none,1725.4380145615942
e79db3ea803b,99.35979643339502,none,1599.2052437445343
e7cadb54ba49,116.76596704205562,strong,1676.8233310171731
e7dc68736b29,107.3096219409576,weak,1697.3704314546742
e7ec475fe0ef,120.66719566841375,weak,1656.2202514584674
e7f1dac14487,132.51066476353154,none,1641.1129191639254
e7f690828b5f,104.89698835459107,weak,1629.4935323140303
e7fdb00448d7,125.78739943491505,strong,1672.784680629968
e85b3c93ef55,107.874092993414,strong,1632.3277150859062
e86e9447c560,78.73341965647502,strong,1631.4741551854504
e877296f67c1,132.6825695632988,weak,1711.337584484408
e8828662fc14,119.08660771921409,weak,1667.936000141162
e8a78515a0d0,113.16323745655222,weak,1690.23571347043
e8bc8aed6055,100.94454710731443,weak,1689.6903860026046
e91088c1c48b,127.2996441698925,none,1604.0637362186988
e932d07ce9cd,134.12779597151743,strong,1635.2356796112715
e9335c6c7709,94.25153780919511,weak,1640.92786929494
e96e2b6354b1,103.1427307470896,weak,1643.0810656940484
e9ae8f15a333,89.07540986215251,none,1684.603514366417
e9b11cba8600,131.6604206725513,weak,1624.7883754123282
e9cac45c98b0,106.34347081026776,strong,1625.1891381389275
e9d8a6adc788,134.2731423398684,strong,1699.3678715938038
e9ee4b340806,102.83900146277423,weak,1629.8843592795483
ea03ea1ce87e,122.11986623047694,none,1620.0885100425928
ea3197951385,116.97013581011336,strong,1660.9129297402285
ea3d11bc6513,136.28065278162657,none,1659.7641622121105
ea49aa99422d,92.10925256032584,strong,1646.3212745139415
ea4b8b0b98bf,132.6984040704718,weak,1717.447503050583
ea7291bd968d,92.39395479664606,none,1607.3663055960556
ea7ab988cb93,105.40246409291623,none,1632.1284635314528
ea95d2790a39,104.55617082745184,none,1669.0154467252005
eab1efa3db3c,101.14357748512651,strong,1646.5687952860994
eaca0e3bfaff,121.36452654679402,weak,1719.3887673390036
ead97dafec70,118.75102060798504,weak,1683.372084645783
eba5c3514dd2,102.99842010161504,none,1663.3598637165785
ebb732ebfaf8,115.46268387042134,strong,1610.5329213271873
ebc7b2ac7d4a,104.84909458342152,strong,1680.0023070455195
ebc9d8847a77,92.16734705524578,weak,1671.0156053970384
ebdb70068a41,102.28511060404618,none,1682.43843058269
ec080f5d6a56,117.9774449659717,none,1618.9990925949876
ec1c3b39b0d0,76.31401226814955,none,1674.04498597961
ec281e8cdaa7,102.39157691816834,strong,1656.4639439951145
ec4bb55c8e10,138.37844587986245,weak,1643.9603257220504
ec86a8c2dfbd,124.6701913373206,strong,1633.017583183163
ec8b0a3505e0,88.17700817089582,none,1615.750282234961
eccbd50e9511,89.15864755187809,weak,1609.9417196237248
ed1c936d40a4,96.77994130219663,none,1670.5864362788425
ed242e1a4bdf,102.79907840395472,strong,1687.1506856158928
ed43b527c1e2,108.5089734919076,none,1632.6129294384482
ed8236b25b3c,86.29189181336267,none,1625.7287069593735
ed9f9e7f8b54,117.21937615013444,weak,1651.3079745078278
eda8fd9fb24e,138.3918178831463,weak,1661.7271683503504
edc057e18558,121.5104920472092,strong,1697.207115002312
edd693e2d823,99.58700489045364,none,1654.5416759521847
ee66b330125e,121.7957195531607,weak,1616.8462875089208
ee6c3e449698,132.2815764148539,strong,1718.5425018488206
ee8c1eaf9928,121.88418888625674,none,1644.1852821855316
ee97c9fe774d,129.71063668849547,weak,1603.1157110943293
eee8d1bb776d,87.95869758805098,strong,1638.0799601295153
ef285a94b8ae,129.51511235661434,weak,1606.578327504012
ef41bea9e8ee,131.7780120470475,weak,1601.782515887306
ef7000c2a2ca,83.49447597747299,none,1601.3187995076755
ef80162e9765,91.79295220225907,strong,1605.4449877724269
ef8c4975694c,110.62186993729252,none,1702.8926389832968
ef9e1914b1de,131.555857979665,weak,1634.3743725166296
efa6b06b53ca,120.81088491290112,strong,1650.7435425534293
efbdac19b4a0,118.2080275609806,none,1628.517539023832
efd9d78b7bd6,107.51551596207446,strong,1604.135900554795
efe110187722,103.44959250558937,none,1692.6112083142211
f0208389bd78,134.43780450139477,none,1605.943020701322
f04743109b34,79.35835647781677,none,1620.8081993314245
f048b107ddef,78.96864336537278,weak,1654.9555260392656
f053b1d8bfce,81.4376735070461,strong,1641.4154295541618
f06d779fd51b,113.14409616553064,none,1653.483804417248
f070817f8368,75.04268929312968,weak,1612.7961859267805
f0750f35e689,116.22060784891111,strong,1688.3184007858374
f0758163b555,107.1084449950783,strong,1664.7528981094283
f07da66e9ea1,88.89905285124071,none,1611.3551704962172
f082150bcec7,132.19735589223035,strong,1608.8754373026463
f08eaa26fc2b,135.041160823124,weak,1604.8994722203304
f0a2cedc2263,121.1514193955479,strong,1690.2207003364838
f0a72812f6fc,75.97973060447708,none,1667.6315611222378
f0a9172a7812,120.237429016653,strong,1637.8780681270216
f0ac2d7bf6cb,118.28906262517062,none,1679.190967676352
f0b37229e4ce,77.23533051630449,none,1649.187614824821
f0b9b598a272,124.00955440455412,none,1665.3961336344955
f0c3ca6f2fe6,133.27513404154004,none,1653.5562145019894
f0decc92c2e6,128.1329458203838,none,1658.3107147856435
f10518536ae1,123.51741429622363,weak,1621.9944737311348
f1411cbf7b66,81.0274546886915,strong,1655.4509891821988
f14503422c29,92.30541972984132,none,1629.5597286745317
f172cced5c4c,100.88791137915908,none,1689.3398162900062
f191a1be388f,77.1361478078145,strong,1611.524759402395
f1d202f1a31d,105.0808583604188,weak,1605.2214198317072
f1e7750cc054,124.23489391484313,none,1658.064225016363
f1f51ddefbc9,131.1723908591952,weak,1656.156767489495
f20b12d5c359,127.10818633097176,none,1641.2858194042092
f2120043d5eb,118.02139547545237,strong,1611.0473773669137
f21e71e35636,103.70588804725418,strong,1698.6051013232434
f21ee89a3961,104.07377354510946,none,1619.0366049320476
f25da6edf537,127.23832885700352,none,1647.2810195151517
f2c03494ade2,135.78655692966652,strong,1603.4799459757303
f30a1be2eaac,137.75004641397277,weak,1605.7651920174587
f31508f9b222,114.1437809931768,weak,1667.534538724421
f330ae78bb7b,114.70666575861692,strong,1667.8719715142338
f35331172cf4,131.2131291151761,strong,1719.944979588915
f37278a9e542,127.4290252847606,strong,1680.4189955119184
f37d55b80725,102.35099551210482,strong,1672.3862567687866
f38581b648a5,136.2403158370595,strong,1713.1917091112466
f38fddcfcd14,95.08371603012702,weak,1605.2319027380804
f3926b57be5a,88.36482261773278,weak,1622.907553931958
f398a4b2b85d,134.49062576805483,strong,1692.250043169931
f3a268ddd473,137.5333198881619,none,1720.532567874406
f3a7ebc1af5a,127.50342095548456,strong,1667.113030949723
f3a84c07cc47,139.50805474899292,weak,1686.2846250027992
f3afe2df5ed9,102.7322177493568,none,1606.995339570156
f3c093cbc219,88.08856914618818,weak,1662.9471995241872
f3df47beae90,118.84716832349592,strong,1655.595539468267
f4113e79773d,139.4272411686535,strong,1683.9111697600838
f42b9fd7bd95,114.0225993536606,none,1675.765786842266
f42d3696dd38,132.5965287652389,strong,1721.0255550212582
f43f1a564d3f,89.64319653979923,strong,1618.2551494319462
f44784f4e47c,138.0601369906036,none,1706.9854680220587
f457cd0233f9,117.5038382037222,weak,1710.642658284488
f47cec1089c2,86.05039858998579,strong,1608.4466003577288
f49f362de1a3,106.977458915129,strong,1690.9186833400263
f4c8af7b25ec,98.85694124162048,strong,1655.7540506317912
f4df01226caa,139.39100111047622,weak,1665.3826720737025
f4edc13ca7ee,109.33343786924598,strong,1612.5792261311583
f5049de7593d,139.2824095993225,none,1633.0814127121714
f50756794206,126.41162728085206,weak,1603.806770405004
f508bdfe9464,106.14463594944706,strong,1656.53304802802
f53ce917e808,106.25752074285928,strong,1673.950506581787
f54e391b9d27,135.4108569690192,weak,1706.6712715014942
f5755668b135,116.90759304942442,weak,1712.269423595122
f586e57d55d6,99.91361052510594,weak,1683.7088647140777
f58acf48e565,137.5464670439273,none,1728.8809001874076
f5e5b2123ac0,133.49358897731935,strong,1721.166058594222
f5e94ff1f613,101.01432898600936,strong,1636.4705236190266
f62f5fb4de4b,97.57894411132648,weak,1664.7688784779475
f63cf0ae9920,129.24623339682702,weak,1603.7446313766798
f67d0c9f9afe,119.32967254912998,strong,1647.8043595927916
f684a986b843,84.86184563654703,none,1672.3387681830557
f6a33c518e11,129.1271730255087,strong,1655.8511882768826
f6c4b24df2c0,101.61457102999614,weak,1622.097838569702
f703dbaedf0d,78.91597015023869,strong,1640.6669237658552
f70c53478005,114.16070788505306,none,1705.660215724648
f70d9fbc3271,112.87720652526164,none,1705.465774831075
f71a9291bf87,100.61716655712291,none,1670.2089610109688
f75091d122cc,92.45496838099736,none,1676.974761676638
f755a68f65b0,124.5513850009466,strong,1662.5503909013223
f781243eecb6,137.38510676917127,weak,1679.8304357322104
f7a373c0c1f2,81.95662727452343,none,1664.7801397150597
f7b68e09e02c,91.5178574627971,strong,1677.421449909231
f7c953792aba,102.58128563250584,strong,1614.9455572459897
f7e5c5bb8c1c,107.78090376543705,weak,1653.5870943316097
f7f33b626131,91.778767205047,none,1639.2762767392471
f801272d68db,105.46364432403816,weak,1613.7507995035887
f832278035fa,107.3300278742685,none,1695.7504583146151
f83f6be2a10d,124.10471084986035,none,1656.7038407086582
f85fac1d131c,126.12579315139531,none,1613.0705464528455
f8676ddf6f85,98.42263990886651,weak,1691.4571806579663
f868bb7e99d6,106.18983433372009,strong,1652.372565039947
f8cf4cc382fe,86.52106856873893,weak,1609.3383583669065
f8e58c25a017,137.38231820480144,weak,1724.240151091561
f90ced91e36e,112.45290575825638,weak,1701.514080017521
f913e677f8e8,129.24933028016372,weak,1615.3941216007336
f93ab86d66bd,121.20730095777468,none,1700.7908937198335
f93f35198e7d,121.85773027517747,weak,1620.7548794250968
f9405c8cfce2,75.37093380717032,weak,1636.6693190320989
f945e2c3c540,103.55465806107412,strong,1662.3473880663694
f94a9a6350a3,80.62506557600406,none,1618.2929761161372
f94c30629352,102.83431601531628,none,1655.461003030915
f94e3b7038dc,96.71073721867909,none,1603.1036718588948
f979b4273df5,76.95229013953364,weak,1671.870458100576
f989d494e29e,99.6557755764169,none,1661.556628889987
f99ae941399e,109.8535251701824,none,1667.8395539073313
f9ae9111f3d6,105.60755352117629,weak,1624.8652726870523
f9c1d506ceee,76.36989803885292,none,1626.84171181815
fa0dd08d45be,127.0604390152494,weak,1613.8897664488047
fa5c67042d72,119.8083872291417,strong,1703.4171876391445
fa63bf2eb638,106.75937522997748,weak,1609.2887179693537
fa790d1a42bb,101.2807337376713,none,1688.1013500774254
fa8eda8693e1,135.3074412652348,strong,1683.4108670732098
faa08021ff5f,88.54200855615142,strong,1665.9553925428324
fab11b00bcf8,139.25806570645886,strong,1671.2037272930058
fab4a5d3643a,78.68593500612486,none,1673.7009806027922
fabb7b6b6f4b,127.68424397062094,none,1644.4196185380042
fae62ea98fab,80.75642526559498,strong,1619.576619770373
fb11009fe54a,128.11357623509411,none,1603.1206399609505
fb1b548ef6ce,128.17501924881915,strong,1661.0278995753877
fb3f5ec91e4e,124.41208329605196,weak,1650.9463958754195
fb3f9fc0798d,137.40529458292215,none,1721.8277821222064
fb447730f820,117.55761408117796,strong,1632.3384060812994
fb496faa36a2,111.25867870452086,none,1696.6408189961564
fb52146b2e92,81.22568543027707,strong,1653.9025357951186
fb58193a4584,117.94160125456754,strong,1663.6115972349855
fb626417bab8,104.1289101056481,strong,1677.0320428680434
fbaa477e725e,92.82667766038516,none,1648.3097238366438
fbae5fb716ea,106.79373948773777,weak,1684.382106371023
fbd8e25fa534,139.35293625267727,weak,1619.8523971877748
fbf0c4cc7681,125.5990461839308,weak,1644.13290867403
fc178a8ca6fb,86.92643973214177,none,1637.0270270600013
fc9228daa586,134.9793724509504,none,1603.0763605915122
fca6adf1be18,127.1319056658411,strong,1704.3905668743555
fce73909eecb,83.11679558260876,weak,1678.4672960642094
fcefbaa9636a,96.8044075294968,none,1647.208886001883
fcf109971279,92.4054272774399,weak,1602.0587512556765
fd0c60c0ee84,110.36282387736551,strong,1611.5820131299156
fd0eb4cdc4ec,98.28298496047296,weak,1635.6297869539242
fd19da7dbab5,108.62444172005954,weak,1677.131003212869
fd1a54b7588b,123.97175540368497,strong,1703.3281656615554
fd2216bd1fb2,89.10362486101465,strong,1644.2807810690804
fd2667e74d6b,95.51751816307036,weak,1653.555101690656
fd302c2080e3,97.07526376591372,strong,1688.8537556244291
fd348d3ef459,134.06712455007468,strong,1698.9865218663492
fd6440271ec0,105.22912451634014,none,1655.5883496166027
fd741365c9bf,122.32613420553528,weak,1606.512877896204
fd79cf532bba,75.13695009171036,strong,1614.8868972120315
fd7e73b86835,116.23946274630732,strong,1698.0270248091165
fd8ffa039e73,86.45978413892827,none,1625.0213504316064
fd95e08f4420,91.45260388665152,none,1600.8318917216243
fdbb955db2c5,119.0759563408426,none,1631.8154977857123
fdca6b5a7201,124.67307042429933,weak,1717.314160185762
fe30270c7bf7,119.04865607832664,none,1692.1776309415472
fe369e830491,79.24486489466847,strong,1673.4582250268695
fe389f21d5ea,98.22505529434493,weak,1665.224970552655
fe50c13c82d8,134.96430458218998,none,1665.7403517279083
fe5b7d45ce49,77.3738896251805,strong,1671.9143528364184
fe75a3fcc929,94.69710774325536,none,1666.229525986151
fe761f2d23e8,112.37194069888623,none,1655.0562256701294
fe91a719e362,82.85912731281316,strong,1667.5733205349732
fea2b9118716,106.94979636244852,weak,1600.30008652725
fea424dfe1dd,136.88256689598896,none,1720.6262355373422
feafb095e962,113.36891384883144,none,1667.1890890980842
feb2d2c1bb60,96.55081471038656,none,1639.735542720408
febde810e3d9,94.05422097937904,weak,1644.1277463595218
fedf744c97de,89.19208357625658,weak,1661.710602402271
feef1147adae,101.73145198163924,strong,1652.3994047646215
fefa014c25c8,88.0195355101968,none,1667.361621884534
ff71b2949871,131.75264581263403,weak,1616.211881965159
ff91b11ad56a,100.19606707219737,none,1687.9145720333383
ffa462c31a22,79.22642286024103,weak,1619.327057838186
ffa97a9b75b8,130.11312003325045,weak,1600.5509544123292
ffb31dd33acd,99.6632397571096,strong,1701.1609992970468
ffc3cdaeab34,91.14030970106788,strong,1638.4070667501546
ffd622f362c0,81.82940615458381,weak,1640.973294950839
ffefa75853d4,82.80856447835212,weak,1640.064570355027
